,Ticker,Company Name,Step,Status,Info,LogTime
0,,,Main,Completed,SP500 tickers downloaded (504 tickers),2022-05-07 12:03:34.944777
1,A,"Agilent Technologies, Inc. (A)",Main,Completed,Added,2022-05-07 12:03:48.323911
2,AAL,American Airlines Group Inc. (AAL),Main,Completed,Added,2022-05-07 12:04:04.432111
3,AAP,"Advance Auto Parts, Inc. (AAP)",Function profitability(),Error,Fiscal Year 2020 not found in financial statements,2022-05-07 12:04:22.168901
4,AAPL,Apple Inc. (AAPL),Main,Completed,Added,2022-05-07 12:04:34.614752
5,ABBV,,Function get_info(),Error,"HTTPSConnectionPool(host='finance.yahoo.com', port=443): Max retries exceeded with url: /quote/ABBV (Caused by SSLError(SSLError(1, '[SSL: WRONG_VERSION_NUMBER] wrong version number (_ssl.c:1125)')))",2022-05-07 12:04:50.293238
6,ABBV,AbbVie Inc. (ABBV),Main,Completed,Added,2022-05-07 12:05:23.931006
7,ABC,AmerisourceBergen Corporation (ABC),Main,Completed,Added,2022-05-07 12:05:41.494153
8,ABMD,"Abiomed, Inc. (ABMD)",Function leverage(),Warning,longTermDebt not found,2022-05-07 12:05:58.923515
9,ABMD,"Abiomed, Inc. (ABMD)",Main,Completed,Added,2022-05-07 12:05:58.932836
10,ABT,Abbott Laboratories (ABT),Main,Completed,Added,2022-05-07 12:06:16.514469
11,ACN,Accenture plc (ACN),Main,Completed,Added,2022-05-07 12:06:33.217301
12,ADBE,Adobe Inc. (ADBE),Main,Completed,Added,2022-05-07 12:06:50.342652
13,ADI,"Analog Devices, Inc. (ADI)",Main,Completed,Added,2022-05-07 12:07:07.066930
14,ADM,Archer-Daniels-Midland Company (ADM),Function leverage(),Warning,issuanceOfStock not found,2022-05-07 12:07:24.598987
15,ADM,Archer-Daniels-Midland Company (ADM),Main,Completed,Added,2022-05-07 12:07:24.605875
16,ADP,"Automatic Data Processing, Inc. (ADP)",Main,Completed,Added,2022-05-07 12:07:42.580282
17,ADSK,"Autodesk, Inc. (ADSK)",Main,Completed,Added,2022-05-07 12:07:59.932677
18,AEE,Ameren Corporation (AEE),Main,Completed,Added,2022-05-07 12:08:17.038018
19,AEP,"American Electric Power Company, Inc. (AEP)",Main,Completed,Added,2022-05-07 12:08:33.896149
20,AES,The AES Corporation (AES),Function leverage(),Warning,issuanceOfStock not found,2022-05-07 12:08:50.993477
21,AES,The AES Corporation (AES),Main,Completed,Added,2022-05-07 12:08:50.999716
22,AFL,Aflac Incorporated (AFL),Main,Completed,Added,2022-05-07 12:09:08.426901
23,AIG,"American International Group, Inc. (AIG)",Function leverage(),Warning,issuanceOfStock not found,2022-05-07 12:09:25.877665
24,AIG,"American International Group, Inc. (AIG)",Main,Completed,Added,2022-05-07 12:09:25.883647
25,AIZ,"Assurant, Inc. (AIZ)",Function leverage(),Warning,issuanceOfStock not found,2022-05-07 12:09:43.019051
26,AIZ,"Assurant, Inc. (AIZ)",Main,Completed,Added,2022-05-07 12:09:43.026436
27,AJG,Arthur J. Gallagher & Co. (AJG),Main,Completed,Added,2022-05-07 12:10:00.699174
28,AKAM,"Akamai Technologies, Inc. (AKAM)",Main,Completed,Added,2022-05-07 12:10:17.586438
29,ALB,Albemarle Corporation (ALB),Main,Completed,Added,2022-05-07 12:10:34.985999
30,ALGN,"Align Technology, Inc. (ALGN)",Function leverage(),Warning,longTermDebt not found,2022-05-07 12:10:52.173913
31,ALGN,"Align Technology, Inc. (ALGN)",Main,Completed,Added,2022-05-07 12:10:52.186879
32,ALK,"Alaska Air Group, Inc. (ALK)",Function leverage(),Warning,issuanceOfStock not found,2022-05-07 12:11:10.088406
33,ALK,"Alaska Air Group, Inc. (ALK)",Main,Completed,Added,2022-05-07 12:11:10.095387
34,ALL,The Allstate Corporation (ALL),Main,Completed,Added,2022-05-07 12:11:27.523173
35,ALLE,Allegion plc (ALLE),Main,Completed,Added,2022-05-07 12:11:44.469383
36,AMAT,"Applied Materials, Inc. (AMAT)",Main,Completed,Added,2022-05-07 12:12:02.131496
37,AMCR,Amcor plc (AMCR),Main,Completed,Added,2022-05-07 12:12:19.217813
38,AMD,"Advanced Micro Devices, Inc. (AMD)",Main,Completed,Added,2022-05-07 12:12:36.820254
39,AME,"AMETEK, Inc. (AME)",Main,Completed,Added,2022-05-07 12:12:53.880285
40,AMGN,Amgen Inc. (AMGN),Function leverage(),Warning,issuanceOfStock not found,2022-05-07 12:13:11.143578
41,AMGN,Amgen Inc. (AMGN),Main,Completed,Added,2022-05-07 12:13:11.150777
42,AMP,"Ameriprise Financial, Inc. (AMP)",Main,Completed,Added,2022-05-07 12:13:28.224068
43,AMT,American Tower Corporation (AMT),Main,Completed,Added,2022-05-07 12:13:45.863758
44,AMZN,"Amazon.com, Inc. (AMZN)",Function leverage(),Warning,issuanceOfStock not found,2022-05-07 12:14:03.093061
45,AMZN,"Amazon.com, Inc. (AMZN)",Main,Completed,Added,2022-05-07 12:14:03.100412
46,ANET,"Arista Networks, Inc. (ANET)",Function leverage(),Warning,longTermDebt not found,2022-05-07 12:14:20.312465
47,ANET,"Arista Networks, Inc. (ANET)",Main,Completed,Added,2022-05-07 12:14:20.319446
48,ANSS,"ANSYS, Inc. (ANSS)",Main,Completed,Added,2022-05-07 12:14:37.803640
49,ANTM,"Anthem, Inc. (ANTM)",Main,Completed,Added,2022-05-07 12:14:53.716577
50,AON,Aon plc (AON),Function leverage(),Warning,issuanceOfStock not found,2022-05-07 12:15:11.521909
51,AON,Aon plc (AON),Main,Completed,Added,2022-05-07 12:15:11.528894
52,AOS,A. O. Smith Corporation (AOS),Main,Completed,Added,2022-05-07 12:15:28.235782
53,APA,APA Corporation (APA),Main,Completed,Added,2022-05-07 12:15:45.215465
54,APD,"Air Products and Chemicals, Inc. (APD)",Main,Completed,Added,2022-05-07 12:16:03.305279
55,APH,Amphenol Corporation (APH),Main,Completed,Added,2022-05-07 12:16:20.003011
56,APTV,Aptiv PLC (APTV),Main,Completed,Added,2022-05-07 12:16:37.113284
57,ARE,"Alexandria Real Estate Equities, Inc. (ARE)",Main,Completed,Added,2022-05-07 12:16:53.967725
58,ATO,Atmos Energy Corporation (ATO),Main,Completed,Added,2022-05-07 12:17:12.268387
59,ATVI,"Activision Blizzard, Inc. (ATVI)",Main,Completed,Added,2022-05-07 12:17:28.812280
60,AVB,"AvalonBay Communities, Inc. (AVB)",Main,Completed,Added,2022-05-07 12:17:47.011905
61,AVGO,Broadcom Inc. (AVGO),Main,Completed,Added,2022-05-07 12:18:04.234155
62,AVY,Avery Dennison Corporation (AVY),Function profitability(),Error,Fiscal Year 2020 not found in financial statements,2022-05-07 12:18:21.164433
63,AWK,"American Water Works Company, Inc. (AWK)",Main,Completed,Added,2022-05-07 12:18:34.654799
64,AXP,American Express Company (AXP),Main,Completed,Added,2022-05-07 12:18:52.239277
65,AZO,"AutoZone, Inc. (AZO)",Main,Completed,Added,2022-05-07 12:19:10.705521
66,BA,The Boeing Company (BA),Main,Completed,Added,2022-05-07 12:19:28.050609
67,BAC,Bank of America Corporation (BAC),Function leverage(),Warning,issuanceOfStock not found,2022-05-07 12:19:45.792252
68,BAC,Bank of America Corporation (BAC),Main,Completed,Added,2022-05-07 12:19:45.799410
69,BAX,,Function get_data(),Error,"HTTPSConnectionPool(host='finance.yahoo.com', port=443): Max retries exceeded with url: /quote/BAX/cash-flow?p=BAX (Caused by SSLError(SSLError(1, '[SSL: WRONG_VERSION_NUMBER] wrong version number (_ssl.c:1125)')))",2022-05-07 12:19:57.400199
70,BAX,,Function get_data(),Error,"HTTPSConnectionPool(host='finance.yahoo.com', port=443): Max retries exceeded with url: /quote/BAX/balance-sheet?p=BAX (Caused by SSLError(SSLError(1, '[SSL: WRONG_VERSION_NUMBER] wrong version number (_ssl.c:1125)')))",2022-05-07 12:20:17.610890
71,BAX,,Function get_data(),Error,"HTTPSConnectionPool(host='finance.yahoo.com', port=443): Max retries exceeded with url: /quote/BAX/balance-sheet?p=BAX (Caused by SSLError(SSLError(1, '[SSL: WRONG_VERSION_NUMBER] wrong version number (_ssl.c:1125)')))",2022-05-07 12:20:37.729909
72,BAX,Baxter International Inc. (BAX),Main,Completed,Added,2022-05-07 12:21:11.037255
73,BBWI,"Bath & Body Works, Inc. (BBWI)",Main,Completed,Added,2022-05-07 12:21:28.374839
74,BBY,"Best Buy Co., Inc. (BBY)",Main,Completed,Added,2022-05-07 12:21:45.937021
75,BDX,"Becton, Dickinson and Company (BDX)",Main,Completed,Added,2022-05-07 12:22:03.169062
76,BEN,"Franklin Resources, Inc. (BEN)",Main,Completed,Added,2022-05-07 12:22:20.741892
77,BF-B,Brown-Forman Corporation (BF-B),Function leverage(),Warning,issuanceOfStock not found,2022-05-07 12:22:38.240234
78,BF-B,Brown-Forman Corporation (BF-B),Main,Completed,Added,2022-05-07 12:22:38.246260
79,BIIB,Biogen Inc. (BIIB),Function leverage(),Warning,issuanceOfStock not found,2022-05-07 12:22:55.437099
80,BIIB,Biogen Inc. (BIIB),Main,Completed,Added,2022-05-07 12:22:55.443087
81,BIO,"Bio-Rad Laboratories, Inc. (BIO)",Main,Completed,Added,2022-05-07 12:23:12.850097
82,BK,The Bank of New York Mellon Corporation (BK),Main,Completed,Added,2022-05-07 12:23:30.473617
83,BKNG,Booking Holdings Inc. (BKNG),Function leverage(),Warning,issuanceOfStock not found,2022-05-07 12:23:47.905160
84,BKNG,Booking Holdings Inc. (BKNG),Main,Completed,Added,2022-05-07 12:23:47.911445
85,BKR,Baker Hughes Company (BKR),Main,Completed,Added,2022-05-07 12:24:05.339686
86,BLK,"BlackRock, Inc. (BLK)",Function leverage(),Warning,issuanceOfStock not found,2022-05-07 12:24:22.769086
87,BLK,"BlackRock, Inc. (BLK)",Main,Completed,Added,2022-05-07 12:24:22.776107
88,BLL,Ball Corporation (BLL),Main,Completed,Added,2022-05-07 12:24:39.449985
89,BMY,Bristol-Myers Squibb Company (BMY),Function leverage(),Warning,issuanceOfStock not found,2022-05-07 12:24:56.763149
90,BMY,Bristol-Myers Squibb Company (BMY),Main,Completed,Added,2022-05-07 12:24:56.770461
91,BR,"Broadridge Financial Solutions, Inc. (BR)",Main,Completed,Added,2022-05-07 12:25:14.444999
92,BRK-B,Berkshire Hathaway Inc. (BRK-B),Function leverage(),Warning,issuanceOfStock not found,2022-05-07 12:25:31.620517
93,BRK-B,Berkshire Hathaway Inc. (BRK-B),Main,Completed,Added,2022-05-07 12:25:31.626715
94,BRO,"Brown & Brown, Inc. (BRO)",Main,Completed,Added,2022-05-07 12:25:49.157639
95,BSX,Boston Scientific Corporation (BSX),Main,Completed,Added,2022-05-07 12:26:05.990612
96,BWA,BorgWarner Inc. (BWA),Function leverage(),Warning,issuanceOfStock not found,2022-05-07 12:26:23.173062
97,BWA,BorgWarner Inc. (BWA),Main,Completed,Added,2022-05-07 12:26:23.180043
98,BXP,"Boston Properties, Inc. (BXP)",Main,Completed,Added,2022-05-07 12:26:40.627495
99,C,Citigroup Inc. (C),Function leverage(),Warning,issuanceOfStock not found,2022-05-07 12:26:58.348542
100,C,Citigroup Inc. (C),Main,Completed,Added,2022-05-07 12:26:58.356806
101,CAG,"Conagra Brands, Inc. (CAG)",Main,Completed,Added,2022-05-07 12:27:15.869184
102,CAH,"Cardinal Health, Inc. (CAH)",Main,Completed,Added,2022-05-07 12:27:33.171172
103,CARR,Carrier Global Corporation (CARR),Function leverage(),Warning,issuanceOfStock not found,2022-05-07 12:27:50.995955
104,CARR,Carrier Global Corporation (CARR),Main,Completed,Added,2022-05-07 12:27:51.002956
105,CAT,Caterpillar Inc. (CAT),Main,Completed,Added,2022-05-07 12:28:08.526070
106,CB,Chubb Limited (CB),Main,Completed,Added,2022-05-07 12:28:25.521163
107,CBOE,"Cboe Global Markets, Inc. (CBOE)",Main,Completed,Added,2022-05-07 12:28:43.287182
108,CBRE,"CBRE Group, Inc. (CBRE)",Function leverage(),Warning,issuanceOfStock not found,2022-05-07 12:29:00.792290
109,CBRE,"CBRE Group, Inc. (CBRE)",Main,Completed,Added,2022-05-07 12:29:00.799295
110,CCI,Crown Castle International Corp. (CCI),Main,Completed,Added,2022-05-07 12:29:18.098020
111,CCL,Carnival Corporation & plc (CCL),Main,Completed,Added,2022-05-07 12:29:35.821225
112,CDAY,#Missing,Main,Completed,Added,2022-05-07 12:29:52.665110
113,CDNS,"Cadence Design Systems, Inc. (CDNS)",Function profitability(),Error,Fiscal Year 2020 not found in financial statements,2022-05-07 12:30:10.005570
114,CDW,CDW Corporation (CDW),Main,Completed,Added,2022-05-07 12:30:23.977186
115,CE,Celanese Corporation (CE),Function leverage(),Warning,issuanceOfStock not found,2022-05-07 12:30:41.811102
116,CE,Celanese Corporation (CE),Main,Completed,Added,2022-05-07 12:30:41.818151
117,CEG,Constellation Energy Corporation (CEG),Function profitability(),Error,Fiscal Year 2020 not found in financial statements,2022-05-07 12:30:59.694271
118,CERN,Cerner Corporation (CERN),Main,Completed,Added,2022-05-07 12:31:13.428570
119,CF,"CF Industries Holdings, Inc. (CF)",Main,Completed,Added,2022-05-07 12:31:31.024186
120,CFG,"Citizens Financial Group, Inc. (CFG)",Function leverage(),Warning,issuanceOfStock not found,2022-05-07 12:31:48.759957
121,CFG,"Citizens Financial Group, Inc. (CFG)",Main,Completed,Added,2022-05-07 12:31:48.766245
122,CHD,"Church & Dwight Co., Inc. (CHD)",Main,Completed,Added,2022-05-07 12:32:05.837754
123,CHRW,"C.H. Robinson Worldwide, Inc. (CHRW)",Main,Completed,Added,2022-05-07 12:32:23.253709
124,CHTR,"Charter Communications, Inc. (CHTR)",Main,Completed,Added,2022-05-07 12:32:41.099685
125,CI,Cigna Corporation (CI),Main,Completed,Added,2022-05-07 12:32:58.374248
126,CINF,Cincinnati Financial Corporation (CINF),Main,Completed,Added,2022-05-07 12:33:15.837129
127,CL,Colgate-Palmolive Company (CL),Main,Completed,Added,2022-05-07 12:33:33.262698
128,CLX,The Clorox Company (CLX),Main,Completed,Added,2022-05-07 12:33:50.929062
129,CMA,Comerica Incorporated (CMA),Main,Completed,Added,2022-05-07 12:34:08.439135
130,CMCSA,Comcast Corporation (CMCSA),Function leverage(),Warning,issuanceOfStock not found,2022-05-07 12:34:25.484596
131,CMCSA,Comcast Corporation (CMCSA),Main,Completed,Added,2022-05-07 12:34:25.492508
132,CME,CME Group Inc. (CME),Main,Completed,Added,2022-05-07 12:34:43.148989
133,CMG,"Chipotle Mexican Grill, Inc. (CMG)",Function leverage(),Warning,longTermDebt not found,2022-05-07 12:35:00.856626
134,CMG,"Chipotle Mexican Grill, Inc. (CMG)",Function leverage(),Warning,issuanceOfStock not found,2022-05-07 12:35:00.856626
135,CMG,"Chipotle Mexican Grill, Inc. (CMG)",Main,Completed,Added,2022-05-07 12:35:00.872249
136,CMI,Cummins Inc. (CMI),Main,Completed,Added,2022-05-07 12:35:18.167923
137,CMS,CMS Energy Corporation (CMS),Main,Completed,Added,2022-05-07 12:35:35.709855
138,CNC,Centene Corporation (CNC),Main,Completed,Added,2022-05-07 12:35:52.429824
139,CNP,,Function get_data(),Error,"HTTPSConnectionPool(host='finance.yahoo.com', port=443): Max retries exceeded with url: /quote/CNP/balance-sheet?p=CNP (Caused by SSLError(SSLError(1, '[SSL: WRONG_VERSION_NUMBER] wrong version number (_ssl.c:1125)')))",2022-05-07 12:35:56.511408
140,CNP,,Function get_data(),Error,"HTTPSConnectionPool(host='finance.yahoo.com', port=443): Max retries exceeded with url: /quote/CNP/balance-sheet?p=CNP (Caused by SSLError(SSLError(1, '[SSL: WRONG_VERSION_NUMBER] wrong version number (_ssl.c:1125)')))",2022-05-07 12:36:16.593559
141,CNP,,Function get_data(),Error,"HTTPSConnectionPool(host='finance.yahoo.com', port=443): Max retries exceeded with url: /quote/CNP/balance-sheet?p=CNP (Caused by SSLError(SSLError(1, '[SSL: WRONG_VERSION_NUMBER] wrong version number (_ssl.c:1125)')))",2022-05-07 12:36:36.694680
142,CNP,"CenterPoint Energy, Inc. (CNP)",Main,Completed,Added,2022-05-07 12:37:09.456036
143,COF,Capital One Financial Corporation (COF),Main,Completed,Added,2022-05-07 12:37:26.713505
144,COO,"The Cooper Companies, Inc. (COO)",Main,Completed,Added,2022-05-07 12:37:45.012226
145,COP,ConocoPhillips (COP),Main,Completed,Added,2022-05-07 12:38:01.742128
146,COST,Costco Wholesale Corporation (COST),Function leverage(),Warning,issuanceOfStock not found,2022-05-07 12:38:19.510769
147,COST,Costco Wholesale Corporation (COST),Main,Completed,Added,2022-05-07 12:38:19.524226
148,CPB,Campbell Soup Company (CPB),Main,Completed,Added,2022-05-07 12:38:37.008097
149,CPRT,"Copart, Inc. (CPRT)",Main,Completed,Added,2022-05-07 12:38:54.960358
150,CPT,Camden Property Trust (CPT),Main,Completed,Added,2022-05-07 12:39:13.845903
151,CRL,"Charles River Laboratories International, Inc. (CRL)",Main,Completed,Added,2022-05-07 12:39:30.595019
152,CRM,"Salesforce, Inc. (CRM)",Main,Completed,Added,2022-05-07 12:39:48.264253
153,CSCO,"Cisco Systems, Inc. (CSCO)",Main,Completed,Added,2022-05-07 12:40:05.546749
154,CSX,CSX Corporation (CSX),Function leverage(),Warning,issuanceOfStock not found,2022-05-07 12:40:23.270908
155,CSX,CSX Corporation (CSX),Main,Completed,Added,2022-05-07 12:40:23.284047
156,CTAS,Cintas Corporation (CTAS),Main,Completed,Added,2022-05-07 12:40:40.774917
157,CTLT,"Catalent, Inc. (CTLT)",Main,Completed,Added,2022-05-07 12:40:58.183379
158,CTRA,Coterra Energy Inc. (CTRA),Function leverage(),Warning,issuanceOfStock not found,2022-05-07 12:41:15.078563
159,CTRA,Coterra Energy Inc. (CTRA),Main,Completed,Added,2022-05-07 12:41:15.090123
160,CTSH,Cognizant Technology Solutions Corporation (CTSH),Main,Completed,Added,2022-05-07 12:41:32.828300
161,CTVA,"Corteva, Inc. (CTVA)",Main,Completed,Added,2022-05-07 12:41:50.172416
162,CTXS,"Citrix Systems, Inc. (CTXS)",Main,Completed,Added,2022-05-07 12:42:07.423126
163,CVS,CVS Health Corporation (CVS),Main,Completed,Added,2022-05-07 12:42:24.412186
164,CVX,Chevron Corporation (CVX),Function leverage(),Warning,issuanceOfStock not found,2022-05-07 12:42:41.969958
165,CVX,Chevron Corporation (CVX),Main,Completed,Added,2022-05-07 12:42:41.992519
166,CZR,"Caesars Entertainment, Inc. (CZR)",Main,Completed,Added,2022-05-07 12:42:59.707935
167,D,"Dominion Energy, Inc. (D)",Main,Completed,Added,2022-05-07 12:43:16.410553
168,DAL,"Delta Air Lines, Inc. (DAL)",Function leverage(),Warning,issuanceOfStock not found,2022-05-07 12:43:34.173545
169,DAL,"Delta Air Lines, Inc. (DAL)",Main,Completed,Added,2022-05-07 12:43:34.205660
170,DD,"DuPont de Nemours, Inc. (DD)",Main,Completed,Added,2022-05-07 12:43:51.606537
171,DE,Deere & Company (DE),Main,Completed,Added,2022-05-07 12:44:08.690240
172,DFS,Discover Financial Services (DFS),Main,Completed,Added,2022-05-07 12:44:26.646413
173,DG,Dollar General Corporation (DG),Function leverage(),Warning,issuanceOfStock not found,2022-05-07 12:44:44.831581
174,DG,Dollar General Corporation (DG),Main,Completed,Added,2022-05-07 12:44:44.841168
175,DGX,Quest Diagnostics Incorporated (DGX),Main,Completed,Added,2022-05-07 12:45:01.977220
176,DHI,"D.R. Horton, Inc. (DHI)",Main,Completed,Added,2022-05-07 12:45:19.552173
177,DHR,Danaher Corporation (DHR),Main,Completed,Added,2022-05-07 12:45:36.446097
178,DIS,The Walt Disney Company (DIS),Main,Completed,Added,2022-05-07 12:45:53.696199
179,DISH,DISH Network Corporation (DISH),Main,Completed,Added,2022-05-07 12:46:11.280018
180,DLR,"Digital Realty Trust, Inc. (DLR)",Main,Completed,Added,2022-05-07 12:46:29.400484
181,DLTR,"Dollar Tree, Inc. (DLTR)",Main,Completed,Added,2022-05-07 12:46:46.897287
182,DOV,Dover Corporation (DOV),Function leverage(),Warning,issuanceOfStock not found,2022-05-07 12:47:04.259257
183,DOV,Dover Corporation (DOV),Main,Completed,Added,2022-05-07 12:47:04.271478
184,DOW,Dow Inc. (DOW),Main,Completed,Added,2022-05-07 12:47:21.941008
185,DPZ,"Domino's Pizza, Inc. (DPZ)",Function profitability(),Error,Fiscal Year 2020 not found in financial statements,2022-05-07 12:47:38.989253
186,DRE,Duke Realty Corporation (DRE),Main,Completed,Added,2022-05-07 12:47:52.420401
187,DRI,"Darden Restaurants, Inc. (DRI)",Main,Completed,Added,2022-05-07 12:48:09.461978
188,DTE,DTE Energy Company (DTE),Main,Completed,Added,2022-05-07 12:48:26.616764
189,DUK,Duke Energy Corporation (DUK),Main,Completed,Added,2022-05-07 12:48:43.830714
190,DVA,DaVita Inc. (DVA),Main,Completed,Added,2022-05-07 12:49:01.029747
191,DVN,Devon Energy Corporation (DVN),Function leverage(),Warning,issuanceOfStock not found,2022-05-07 12:49:18.652125
192,DVN,Devon Energy Corporation (DVN),Main,Completed,Added,2022-05-07 12:49:18.672009
193,DXC,DXC Technology Company (DXC),Main,Completed,Added,2022-05-07 12:49:35.774167
194,DXCM,"DexCom, Inc. (DXCM)",Main,Completed,Added,2022-05-07 12:49:52.687930
195,EA,Electronic Arts Inc. (EA),Main,Completed,Added,2022-05-07 12:50:10.404293
196,EBAY,eBay Inc. (EBAY),Main,Completed,Added,2022-05-07 12:50:27.892069
197,ECL,Ecolab Inc. (ECL),Main,Completed,Added,2022-05-07 12:50:45.141118
198,ED,"Consolidated Edison, Inc. (ED)",Main,Completed,Added,2022-05-07 12:51:03.139751
199,EFX,Equifax Inc. (EFX),Main,Completed,Added,2022-05-07 12:51:20.496649
200,EIX,Edison International (EIX),Main,Completed,Added,2022-05-07 12:51:37.540460
201,EL,The Estée Lauder Companies Inc. (EL),Main,Completed,Added,2022-05-07 12:51:54.570515
202,EMN,Eastman Chemical Company (EMN),Main,Completed,Added,2022-05-07 12:52:11.568973
203,EMR,Emerson Electric Co. (EMR),Function leverage(),Warning,issuanceOfStock not found,2022-05-07 12:52:28.960273
204,EMR,Emerson Electric Co. (EMR),Main,Completed,Added,2022-05-07 12:52:28.969335
205,ENPH,"Enphase Energy, Inc. (ENPH)",Main,Completed,Added,2022-05-07 12:52:46.062773
206,EOG,"EOG Resources, Inc. (EOG)",Main,Completed,Added,2022-05-07 12:53:02.809487
207,EPAM,"EPAM Systems, Inc. (EPAM)",Main,Completed,Added,2022-05-07 12:53:19.037353
208,EQIX,"Equinix, Inc. (EQIX)",Main,Completed,Added,2022-05-07 12:53:37.070604
209,EQR,Equity Residential (EQR),Main,Completed,Added,2022-05-07 12:53:54.063808
210,ES,Eversource Energy (ES),Main,Completed,Added,2022-05-07 12:54:10.730265
211,ESS,"Essex Property Trust, Inc. (ESS)",Main,Completed,Added,2022-05-07 12:54:27.850884
212,ETN,Eaton Corporation plc (ETN),Main,Completed,Added,2022-05-07 12:54:43.662529
213,ETR,Entergy Corporation (ETR),Main,Completed,Added,2022-05-07 12:55:01.059702
214,ETSY,"Etsy, Inc. (ETSY)",Main,Completed,Added,2022-05-07 12:55:18.870422
215,EVRG,"Evergy, Inc. (EVRG)",Main,Completed,Added,2022-05-07 12:55:36.469399
216,EW,Edwards Lifesciences Corporation (EW),Main,Completed,Added,2022-05-07 12:55:53.316489
217,EXC,Exelon Corporation (EXC),Main,Completed,Added,2022-05-07 12:56:10.614211
218,EXPD,"Expeditors International of Washington, Inc. (EXPD)",Function leverage(),Warning,longTermDebt not found,2022-05-07 12:56:28.652324
219,EXPD,"Expeditors International of Washington, Inc. (EXPD)",Main,Completed,Added,2022-05-07 12:56:28.667698
220,EXPE,"Expedia Group, Inc. (EXPE)",Main,Completed,Added,2022-05-07 12:56:45.517493
221,EXR,Extra Space Storage Inc. (EXR),Main,Completed,Added,2022-05-07 12:57:02.700051
222,F,Ford Motor Company (F),Function leverage(),Warning,issuanceOfStock not found,2022-05-07 12:57:20.326696
223,F,Ford Motor Company (F),Main,Completed,Added,2022-05-07 12:57:20.343487
224,FANG,"Diamondback Energy, Inc. (FANG)",Function leverage(),Warning,issuanceOfStock not found,2022-05-07 12:57:37.505450
225,FANG,"Diamondback Energy, Inc. (FANG)",Main,Completed,Added,2022-05-07 12:57:37.526559
226,FAST,Fastenal Company (FAST),Main,Completed,Added,2022-05-07 12:57:55.559492
227,FB,"Meta Platforms, Inc. (FB)",Function leverage(),Warning,longTermDebt not found,2022-05-07 12:58:14.800077
228,FB,"Meta Platforms, Inc. (FB)",Function leverage(),Warning,issuanceOfStock not found,2022-05-07 12:58:14.803907
229,FB,"Meta Platforms, Inc. (FB)",Main,Completed,Added,2022-05-07 12:58:14.812122
230,FBHS,"Fortune Brands Home & Security, Inc. (FBHS)",Main,Completed,Added,2022-05-07 12:58:33.115195
231,FCX,Freeport-McMoRan Inc. (FCX),Main,Completed,Added,2022-05-07 12:58:51.244827
232,FDS,,Function get_data(),Error,'NoneType' object is not subscriptable,2022-05-07 12:59:04.076075
233,FDX,FedEx Corporation (FDX),Main,Completed,Added,2022-05-07 12:59:19.862215
234,FE,FirstEnergy Corp. (FE),Main,Completed,Added,2022-05-07 12:59:38.052936
235,FFIV,"F5, Inc. (FFIV)",Main,Completed,Added,2022-05-07 12:59:55.551986
236,FIS,"Fidelity National Information Services, Inc. (FIS)",Main,Completed,Added,2022-05-07 13:00:15.112812
237,FISV,"Fiserv, Inc. (FISV)",Main,Completed,Added,2022-05-07 13:00:33.719390
238,FITB,Fifth Third Bancorp (FITB),Function leverage(),Warning,issuanceOfStock not found,2022-05-07 13:00:51.688452
239,FITB,Fifth Third Bancorp (FITB),Main,Completed,Added,2022-05-07 13:00:51.717504
240,FLT,"FLEETCOR Technologies, Inc. (FLT)",Main,Completed,Added,2022-05-07 13:01:11.370440
241,FMC,FMC Corporation (FMC),Main,Completed,Added,2022-05-07 13:01:29.245097
242,FOX,Fox Corporation (FOX),Function leverage(),Warning,issuanceOfStock not found,2022-05-07 13:01:46.268203
243,FOX,Fox Corporation (FOX),Main,Completed,Added,2022-05-07 13:01:46.278405
244,FOXA,Fox Corporation (FOXA),Function leverage(),Warning,issuanceOfStock not found,2022-05-07 13:02:03.754919
245,FOXA,Fox Corporation (FOXA),Main,Completed,Added,2022-05-07 13:02:03.763896
246,FRC,First Republic Bank (FRC),Main,Completed,Added,2022-05-07 13:02:36.770035
247,FRT,Federal Realty Investment Trust (FRT),Main,Completed,Added,2022-05-07 13:02:53.699847
248,FTNT,"Fortinet, Inc. (FTNT)",Function leverage(),Warning,longTermDebt not found,2022-05-07 13:03:10.596869
249,FTNT,"Fortinet, Inc. (FTNT)",Main,Completed,Added,2022-05-07 13:03:10.604081
250,FTV,Fortive Corporation (FTV),Function leverage(),Warning,issuanceOfStock not found,2022-05-07 13:03:27.243749
251,FTV,Fortive Corporation (FTV),Main,Completed,Added,2022-05-07 13:03:27.250797
252,GD,General Dynamics Corporation (GD),Function leverage(),Warning,issuanceOfStock not found,2022-05-07 13:03:43.781433
253,GD,General Dynamics Corporation (GD),Main,Completed,Added,2022-05-07 13:03:43.792367
254,GE,General Electric Company (GE),Function leverage(),Warning,issuanceOfStock not found,2022-05-07 13:04:00.609059
255,GE,General Electric Company (GE),Main,Completed,Added,2022-05-07 13:04:00.629323
256,GILD,"Gilead Sciences, Inc. (GILD)",Main,Completed,Added,2022-05-07 13:04:17.243304
257,GIS,"General Mills, Inc. (GIS)",Main,Completed,Added,2022-05-07 13:04:33.740995
258,GL,#Missing,Main,Completed,Added,2022-05-07 13:04:49.835862
259,GLW,Corning Incorporated (GLW),Main,Completed,Added,2022-05-07 13:05:06.927555
260,GM,General Motors Company (GM),Function leverage(),Warning,issuanceOfStock not found,2022-05-07 13:05:23.286650
261,GM,General Motors Company (GM),Main,Completed,Added,2022-05-07 13:05:23.295465
262,GNRC,Generac Holdings Inc. (GNRC),Main,Completed,Added,2022-05-07 13:05:39.839349
263,GOOG,Alphabet Inc. (GOOG),Function leverage(),Warning,issuanceOfStock not found,2022-05-07 13:05:56.557125
264,GOOG,Alphabet Inc. (GOOG),Main,Completed,Added,2022-05-07 13:05:56.572625
265,GOOGL,Alphabet Inc. (GOOGL),Function leverage(),Warning,issuanceOfStock not found,2022-05-07 13:06:12.903165
266,GOOGL,Alphabet Inc. (GOOGL),Main,Completed,Added,2022-05-07 13:06:12.912441
267,GPC,,Function get_data(),Error,'NoneType' object is not subscriptable,2022-05-07 13:06:24.083471
268,GPN,Global Payments Inc. (GPN),Main,Completed,Added,2022-05-07 13:06:36.789895
269,GRMN,Garmin Ltd. (GRMN),Function leverage(),Warning,longTermDebt not found,2022-05-07 13:06:53.611511
270,GRMN,Garmin Ltd. (GRMN),Main,Completed,Added,2022-05-07 13:06:53.619489
271,GS,"The Goldman Sachs Group, Inc. (GS)",Main,Completed,Added,2022-05-07 13:07:10.512907
272,GWW,"W.W. Grainger, Inc. (GWW)",Main,Completed,Added,2022-05-07 13:07:26.269829
273,HAL,Halliburton Company (HAL),Main,Completed,Added,2022-05-07 13:07:43.034156
274,HAS,"Hasbro, Inc. (HAS)",Main,Completed,Added,2022-05-07 13:07:59.634166
275,HBAN,Huntington Bancshares Incorporated (HBAN),Function leverage(),Warning,issuanceOfStock not found,2022-05-07 13:08:16.035261
276,HBAN,Huntington Bancshares Incorporated (HBAN),Main,Completed,Added,2022-05-07 13:08:16.043240
277,HCA,"HCA Healthcare, Inc. (HCA)",Function leverage(),Warning,issuanceOfStock not found,2022-05-07 13:08:32.274700
278,HCA,"HCA Healthcare, Inc. (HCA)",Main,Completed,Added,2022-05-07 13:08:32.285926
279,HD,"The Home Depot, Inc. (HD)",Main,Completed,Added,2022-05-07 13:08:49.207777
280,HES,Hess Corporation (HES),Main,Completed,Added,2022-05-07 13:09:05.994570
281,HIG,"The Hartford Financial Services Group, Inc. (HIG)",Main,Completed,Added,2022-05-07 13:09:22.114254
282,HII,"Huntington Ingalls Industries, Inc. (HII)",Function leverage(),Warning,issuanceOfStock not found,2022-05-07 13:09:38.929630
283,HII,"Huntington Ingalls Industries, Inc. (HII)",Main,Completed,Added,2022-05-07 13:09:38.938400
284,HLT,Hilton Worldwide Holdings Inc. (HLT),Function leverage(),Warning,issuanceOfStock not found,2022-05-07 13:09:55.341699
285,HLT,Hilton Worldwide Holdings Inc. (HLT),Main,Completed,Added,2022-05-07 13:09:55.356198
286,HOLX,"Hologic, Inc. (HOLX)",Main,Completed,Added,2022-05-07 13:10:11.873562
287,HON,Honeywell International Inc. (HON),Main,Completed,Added,2022-05-07 13:10:28.413121
288,HPE,Hewlett Packard Enterprise Company (HPE),Main,Completed,Added,2022-05-07 13:10:45.264690
289,HPQ,HP Inc. (HPQ),Main,Completed,Added,2022-05-07 13:11:01.353851
290,HRL,Hormel Foods Corporation (HRL),Main,Completed,Added,2022-05-07 13:11:18.077641
291,HSIC,"Henry Schein, Inc. (HSIC)",Main,Completed,Added,2022-05-07 13:11:34.683659
292,HST,"Host Hotels & Resorts, Inc. (HST)",Function leverage(),Warning,issuanceOfStock not found,2022-05-07 13:11:51.506996
293,HST,"Host Hotels & Resorts, Inc. (HST)",Main,Completed,Added,2022-05-07 13:11:51.515245
294,HSY,The Hershey Company (HSY),Main,Completed,Added,2022-05-07 13:12:08.248782
295,HUM,Humana Inc. (HUM),Main,Completed,Added,2022-05-07 13:12:25.107206
296,HWM,Howmet Aerospace Inc. (HWM),Main,Completed,Added,2022-05-07 13:12:41.706477
297,IBM,International Business Machines Corporation (IBM),Function leverage(),Warning,issuanceOfStock not found,2022-05-07 13:12:57.826364
298,IBM,International Business Machines Corporation (IBM),Main,Completed,Added,2022-05-07 13:12:57.835541
299,ICE,"Intercontinental Exchange, Inc. (ICE)",Function leverage(),Warning,issuanceOfStock not found,2022-05-07 13:13:14.698549
300,ICE,"Intercontinental Exchange, Inc. (ICE)",Main,Completed,Added,2022-05-07 13:13:14.710145
301,IDXX,"IDEXX Laboratories, Inc. (IDXX)",Main,Completed,Added,2022-05-07 13:13:31.257453
302,IEX,#Missing,Main,Completed,Added,2022-05-07 13:13:47.418696
303,IFF,International Flavors & Fragrances Inc. (IFF),Main,Completed,Added,2022-05-07 13:14:04.194458
304,ILMN,"Illumina, Inc. (ILMN)",Function profitability(),Error,Fiscal Year 2020 not found in financial statements,2022-05-07 13:14:20.825659
305,INCY,Incyte Corporation (INCY),Main,Completed,Added,2022-05-07 13:14:32.583059
306,INTC,Intel Corporation (INTC),Main,Completed,Added,2022-05-07 13:14:48.300065
307,INTU,Intuit Inc. (INTU),Main,Completed,Added,2022-05-07 13:15:04.793874
308,IP,International Paper Company (IP),Function leverage(),Warning,issuanceOfStock not found,2022-05-07 13:15:21.364740
309,IP,International Paper Company (IP),Main,Completed,Added,2022-05-07 13:15:21.372882
310,IPG,"The Interpublic Group of Companies, Inc. (IPG)",Main,Completed,Added,2022-05-07 13:15:37.820123
311,IPGP,IPG Photonics Corporation (IPGP),Main,Completed,Added,2022-05-07 13:15:54.007120
312,IQV,IQVIA Holdings Inc. (IQV),Main,Completed,Added,2022-05-07 13:16:10.480738
313,IR,Ingersoll Rand Inc. (IR),Main,Completed,Added,2022-05-07 13:16:26.676357
314,IRM,Iron Mountain Incorporated (IRM),Main,Completed,Added,2022-05-07 13:16:43.136212
315,ISRG,"Intuitive Surgical, Inc. (ISRG)",Function leverage(),Warning,longTermDebt not found,2022-05-07 13:16:59.905736
316,ISRG,"Intuitive Surgical, Inc. (ISRG)",Main,Completed,Added,2022-05-07 13:16:59.912949
317,IT,"Gartner, Inc. (IT)",Main,Completed,Added,2022-05-07 13:17:16.081673
318,ITW,Illinois Tool Works Inc. (ITW),Main,Completed,Added,2022-05-07 13:17:32.472672
319,IVZ,Invesco Ltd. (IVZ),Function leverage(),Warning,issuanceOfStock not found,2022-05-07 13:17:49.022539
320,IVZ,Invesco Ltd. (IVZ),Main,Completed,Added,2022-05-07 13:17:49.029507
321,J,Jacobs Engineering Group Inc. (J),Main,Completed,Added,2022-05-07 13:18:05.771932
322,JBHT,"J.B. Hunt Transport Services, Inc. (JBHT)",Function leverage(),Warning,issuanceOfStock not found,2022-05-07 13:18:22.732707
323,JBHT,"J.B. Hunt Transport Services, Inc. (JBHT)",Main,Completed,Added,2022-05-07 13:18:22.740686
324,JCI,Johnson Controls International plc (JCI),Main,Completed,Added,2022-05-07 13:18:39.110212
325,JKHY,"Jack Henry & Associates, Inc. (JKHY)",Main,Completed,Added,2022-05-07 13:18:55.480254
326,JNJ,Johnson & Johnson (JNJ),Function profitability(),Error,Fiscal Year 2020 not found in financial statements,2022-05-07 13:19:11.679849
327,JNPR,"Juniper Networks, Inc. (JNPR)",Main,Completed,Added,2022-05-07 13:19:24.421480
328,JPM,JPMorgan Chase & Co. (JPM),Function leverage(),Warning,issuanceOfStock not found,2022-05-07 13:19:40.592166
329,JPM,JPMorgan Chase & Co. (JPM),Main,Completed,Added,2022-05-07 13:19:40.598181
330,K,Kellogg Company (K),Function profitability(),Error,Fiscal Year 2020 not found in financial statements,2022-05-07 13:19:56.901988
331,KEY,KeyCorp (KEY),Main,Completed,Added,2022-05-07 13:20:09.362933
332,KEYS,"Keysight Technologies, Inc. (KEYS)",Main,Completed,Added,2022-05-07 13:20:25.682128
333,KHC,The Kraft Heinz Company (KHC),Function leverage(),Warning,issuanceOfStock not found,2022-05-07 13:20:42.176719
334,KHC,The Kraft Heinz Company (KHC),Main,Completed,Added,2022-05-07 13:20:42.182588
335,KIM,Kimco Realty Corporation (KIM),Main,Completed,Added,2022-05-07 13:20:58.453345
336,KLAC,KLA Corporation (KLAC),Main,Completed,Added,2022-05-07 13:21:15.391303
337,KMB,Kimberly-Clark Corporation (KMB),Main,Completed,Added,2022-05-07 13:21:31.697303
338,KMI,"Kinder Morgan, Inc. (KMI)",Main,Completed,Added,2022-05-07 13:21:48.603802
339,KMX,,Function get_data(),Error,"HTTPSConnectionPool(host='finance.yahoo.com', port=443): Max retries exceeded with url: /quote/KMX/financials?p=KMX (Caused by SSLError(SSLError(1, '[SSL: WRONG_VERSION_NUMBER] wrong version number (_ssl.c:1125)')))",2022-05-07 13:21:56.595253
340,KMX,"CarMax, Inc. (KMX)",Main,Completed,Added,2022-05-07 13:22:28.901758
341,KO,The Coca-Cola Company (KO),Main,Completed,Added,2022-05-07 13:22:45.430801
342,KR,The Kroger Co. (KR),Main,Completed,Added,2022-05-07 13:23:01.748046
343,L,Loews Corporation (L),Function leverage(),Warning,issuanceOfStock not found,2022-05-07 13:23:18.267498
344,L,Loews Corporation (L),Main,Completed,Added,2022-05-07 13:23:18.273480
345,LDOS,"Leidos Holdings, Inc. (LDOS)",Main,Completed,Added,2022-05-07 13:23:35.048693
346,LEN,Lennar Corporation (LEN),Main,Completed,Added,2022-05-07 13:23:51.720570
347,LH,Laboratory Corporation of America Holdings (LH),Main,Completed,Added,2022-05-07 13:24:08.348879
348,LHX,"L3Harris Technologies, Inc. (LHX)",Main,Completed,Added,2022-05-07 13:24:24.739056
349,LIN,Linde plc (LIN),Main,Completed,Added,2022-05-07 13:24:41.301964
350,LKQ,LKQ Corporation (LKQ),Function leverage(),Warning,issuanceOfStock not found,2022-05-07 13:24:57.796257
351,LKQ,LKQ Corporation (LKQ),Main,Completed,Added,2022-05-07 13:24:57.804052
352,LLY,Eli Lilly and Company (LLY),Function leverage(),Warning,issuanceOfStock not found,2022-05-07 13:25:14.837586
353,LLY,Eli Lilly and Company (LLY),Main,Completed,Added,2022-05-07 13:25:14.844613
354,LMT,Lockheed Martin Corporation (LMT),Function leverage(),Warning,issuanceOfStock not found,2022-05-07 13:25:31.509435
355,LMT,Lockheed Martin Corporation (LMT),Main,Completed,Added,2022-05-07 13:25:31.515418
356,LNC,Lincoln National Corporation (LNC),Main,Completed,Added,2022-05-07 13:25:47.987450
357,LNT,Alliant Energy Corporation (LNT),Main,Completed,Added,2022-05-07 13:26:04.908324
358,LOW,"Lowe's Companies, Inc. (LOW)",Main,Completed,Added,2022-05-07 13:26:21.465006
359,LRCX,Lam Research Corporation (LRCX),Main,Completed,Added,2022-05-07 13:26:37.112250
360,LUMN,"Lumen Technologies, Inc. (LUMN)",Function leverage(),Warning,issuanceOfStock not found,2022-05-07 13:26:53.087836
361,LUMN,"Lumen Technologies, Inc. (LUMN)",Main,Completed,Added,2022-05-07 13:26:53.093821
362,LUV,Southwest Airlines Co. (LUV),Main,Completed,Added,2022-05-07 13:27:09.816020
363,LVS,Las Vegas Sands Corp. (LVS),Main,Completed,Added,2022-05-07 13:27:26.425299
364,LW,"Lamb Weston Holdings, Inc. (LW)",Function leverage(),Warning,issuanceOfStock not found,2022-05-07 13:27:43.192322
365,LW,"Lamb Weston Holdings, Inc. (LW)",Main,Completed,Added,2022-05-07 13:27:43.198306
366,LYB,LyondellBasell Industries N.V. (LYB),Function leverage(),Warning,issuanceOfStock not found,2022-05-07 13:27:59.944443
367,LYB,LyondellBasell Industries N.V. (LYB),Main,Completed,Added,2022-05-07 13:27:59.949651
368,LYV,"Live Nation Entertainment, Inc. (LYV)",Main,Completed,Added,2022-05-07 13:28:16.451459
369,MA,Mastercard Incorporated (MA),Main,Completed,Added,2022-05-07 13:28:33.873531
370,MAA,"Mid-America Apartment Communities, Inc. (MAA)",Function leverage(),Warning,issuanceOfStock not found,2022-05-07 13:28:50.219902
371,MAA,"Mid-America Apartment Communities, Inc. (MAA)",Main,Completed,Added,2022-05-07 13:28:50.226217
372,MAR,"Marriott International, Inc. (MAR)",Main,Completed,Added,2022-05-07 13:29:06.742224
373,MAS,Masco Corporation (MAS),Main,Completed,Added,2022-05-07 13:29:23.214542
374,MCD,McDonald's Corporation (MCD),Main,Completed,Added,2022-05-07 13:29:39.900187
375,MCHP,Microchip Technology Incorporated (MCHP),Main,Completed,Added,2022-05-07 13:29:56.707100
376,MCK,McKesson Corporation (MCK),Main,Completed,Added,2022-05-07 13:30:13.279071
377,MCO,Moody's Corporation (MCO),Main,Completed,Added,2022-05-07 13:30:30.390792
378,MDLZ,"Mondelez International, Inc. (MDLZ)",Function leverage(),Warning,issuanceOfStock not found,2022-05-07 13:30:46.815570
379,MDLZ,"Mondelez International, Inc. (MDLZ)",Main,Completed,Added,2022-05-07 13:30:46.821554
380,MDT,Medtronic plc (MDT),Main,Completed,Added,2022-05-07 13:31:03.202467
381,MET,"MetLife, Inc. (MET)",Function leverage(),Warning,issuanceOfStock not found,2022-05-07 13:31:20.062252
382,MET,"MetLife, Inc. (MET)",Main,Completed,Added,2022-05-07 13:31:20.068753
383,MGM,MGM Resorts International (MGM),Function leverage(),Warning,issuanceOfStock not found,2022-05-07 13:31:36.850385
384,MGM,MGM Resorts International (MGM),Main,Completed,Added,2022-05-07 13:31:36.855587
385,MHK,"Mohawk Industries, Inc. (MHK)",Main,Completed,Added,2022-05-07 13:31:53.355942
386,MKC,"McCormick & Company, Incorporated (MKC)",Main,Completed,Added,2022-05-07 13:32:09.775696
387,MKTX,MarketAxess Holdings Inc. (MKTX),Function leverage(),Warning,longTermDebt not found,2022-05-07 13:32:26.442520
388,MKTX,MarketAxess Holdings Inc. (MKTX),Main,Completed,Added,2022-05-07 13:32:26.448537
389,MLM,"Martin Marietta Materials, Inc. (MLM)",Main,Completed,Added,2022-05-07 13:32:42.180026
390,MMC,"Marsh & McLennan Companies, Inc. (MMC)",Main,Completed,Added,2022-05-07 13:32:58.759573
391,MMM,3M Company (MMM),Main,Completed,Added,2022-05-07 13:33:15.032270
392,MNST,Monster Beverage Corporation (MNST),Function leverage(),Warning,longTermDebt not found,2022-05-07 13:33:31.484233
393,MNST,Monster Beverage Corporation (MNST),Main,Completed,Added,2022-05-07 13:33:31.491291
394,MO,"Altria Group, Inc. (MO)",Function leverage(),Warning,issuanceOfStock not found,2022-05-07 13:33:48.059992
395,MO,"Altria Group, Inc. (MO)",Main,Completed,Added,2022-05-07 13:33:48.067970
396,MOH,"Molina Healthcare, Inc. (MOH)",Main,Completed,Added,2022-05-07 13:34:04.602404
397,MOS,The Mosaic Company (MOS),Function leverage(),Warning,issuanceOfStock not found,2022-05-07 13:34:21.259323
398,MOS,The Mosaic Company (MOS),Main,Completed,Added,2022-05-07 13:34:21.265304
399,MPC,Marathon Petroleum Corporation (MPC),Main,Completed,Added,2022-05-07 13:34:37.813842
400,MPWR,"Monolithic Power Systems, Inc. (MPWR)",Function leverage(),Warning,longTermDebt not found,2022-05-07 13:34:54.244560
401,MPWR,"Monolithic Power Systems, Inc. (MPWR)",Main,Completed,Added,2022-05-07 13:34:54.250543
402,MRK,"Merck & Co., Inc. (MRK)",Main,Completed,Added,2022-05-07 13:35:11.380480
403,MRNA,"Moderna, Inc. (MRNA)",Main,Completed,Added,2022-05-07 13:35:28.493457
404,MRO,Marathon Oil Corporation (MRO),Function leverage(),Warning,issuanceOfStock not found,2022-05-07 13:35:45.510744
405,MRO,Marathon Oil Corporation (MRO),Main,Completed,Added,2022-05-07 13:35:45.517016
406,MS,Morgan Stanley (MS),Function leverage(),Warning,issuanceOfStock not found,2022-05-07 13:36:01.564980
407,MS,Morgan Stanley (MS),Main,Completed,Added,2022-05-07 13:36:01.571199
408,MSCI,MSCI Inc. (MSCI),Main,Completed,Added,2022-05-07 13:36:17.383574
409,MSFT,Microsoft Corporation (MSFT),Main,Completed,Added,2022-05-07 13:36:33.310732
410,MSI,"Motorola Solutions, Inc. (MSI)",Main,Completed,Added,2022-05-07 13:36:49.958668
411,MTB,M&T Bank Corporation (MTB),Function leverage(),Warning,issuanceOfStock not found,2022-05-07 13:37:05.929783
412,MTB,M&T Bank Corporation (MTB),Main,Completed,Added,2022-05-07 13:37:05.935018
413,MTCH,,Function get_data(),Error,"HTTPSConnectionPool(host='finance.yahoo.com', port=443): Max retries exceeded with url: /quote/MTCH/financials?p=MTCH (Caused by SSLError(SSLError(1, '[SSL: WRONG_VERSION_NUMBER] wrong version number (_ssl.c:1125)')))",2022-05-07 13:37:13.690040
414,MTCH,,Function get_data(),Error,"HTTPSConnectionPool(host='finance.yahoo.com', port=443): Max retries exceeded with url: /quote/MTCH/balance-sheet?p=MTCH (Caused by SSLError(SSLError(1, '[SSL: WRONG_VERSION_NUMBER] wrong version number (_ssl.c:1125)')))",2022-05-07 13:37:33.801627
415,MTCH,,Function get_data(),Error,"HTTPSConnectionPool(host='finance.yahoo.com', port=443): Max retries exceeded with url: /quote/MTCH/balance-sheet?p=MTCH (Caused by SSLError(SSLError(1, '[SSL: WRONG_VERSION_NUMBER] wrong version number (_ssl.c:1125)')))",2022-05-07 13:37:53.895362
416,MTCH,,Function get_data(),Error,"HTTPSConnectionPool(host='finance.yahoo.com', port=443): Max retries exceeded with url: /quote/MTCH/balance-sheet?p=MTCH (Caused by SSLError(SSLError(1, '[SSL: WRONG_VERSION_NUMBER] wrong version number (_ssl.c:1125)')))",2022-05-07 13:38:14.102491
417,MTCH,,Function get_data(),Error,"HTTPSConnectionPool(host='finance.yahoo.com', port=443): Max retries exceeded with url: /quote/MTCH/balance-sheet?p=MTCH (Caused by SSLError(SSLError(1, '[SSL: WRONG_VERSION_NUMBER] wrong version number (_ssl.c:1125)')))",2022-05-07 13:38:34.242944
418,MTCH,"Match Group, Inc. (MTCH)",Main,Completed,Added,2022-05-07 13:39:06.890570
419,MTD,Mettler-Toledo International Inc. (MTD),Main,Completed,Added,2022-05-07 13:39:23.609688
420,MU,"Micron Technology, Inc. (MU)",Main,Completed,Added,2022-05-07 13:39:40.236116
421,NCLH,Norwegian Cruise Line Holdings Ltd. (NCLH),Main,Completed,Added,2022-05-07 13:39:56.740482
422,NDAQ,"Nasdaq, Inc. (NDAQ)",Main,Completed,Added,2022-05-07 13:40:13.768924
423,NDSN,#Missing,Main,Completed,Added,2022-05-07 13:40:29.922994
424,NEE,"NextEra Energy, Inc. (NEE)",Main,Completed,Added,2022-05-07 13:40:46.522505
425,NEM,Newmont Corporation (NEM),Main,Completed,Added,2022-05-07 13:41:02.940070
426,NFLX,"Netflix, Inc. (NFLX)",Main,Completed,Added,2022-05-07 13:41:20.425005
427,NI,NiSource Inc. (NI),Main,Completed,Added,2022-05-07 13:41:36.626587
428,NKE,"NIKE, Inc. (NKE)",Main,Completed,Added,2022-05-07 13:41:53.386581
429,NLOK,NortonLifeLock Inc. (NLOK),Main,Completed,Added,2022-05-07 13:42:09.728581
430,NLSN,Nielsen Holdings plc (NLSN),Main,Completed,Added,2022-05-07 13:42:26.482941
431,NOC,Northrop Grumman Corporation (NOC),Function leverage(),Warning,issuanceOfStock not found,2022-05-07 13:42:42.934658
432,NOC,Northrop Grumman Corporation (NOC),Main,Completed,Added,2022-05-07 13:42:42.940911
433,NOW,"ServiceNow, Inc. (NOW)",Main,Completed,Added,2022-05-07 13:42:59.755505
434,NRG,"NRG Energy, Inc. (NRG)",Main,Completed,Added,2022-05-07 13:43:19.666904
435,NSC,Norfolk Southern Corporation (NSC),Main,Completed,Added,2022-05-07 13:43:36.340812
436,NTAP,"NetApp, Inc. (NTAP)",Main,Completed,Added,2022-05-07 13:43:52.956027
437,NTRS,Northern Trust Corporation (NTRS),Main,Completed,Added,2022-05-07 13:44:09.628890
438,NUE,Nucor Corporation (NUE),Main,Completed,Added,2022-05-07 13:44:26.110056
439,NVDA,NVIDIA Corporation (NVDA),Main,Completed,Added,2022-05-07 13:44:42.184539
440,NVR,"NVR, Inc. (NVR)",Main,Completed,Added,2022-05-07 13:44:58.976815
441,NWL,Newell Brands Inc. (NWL),Main,Completed,Added,2022-05-07 13:45:16.017524
442,NWS,News Corporation (NWS),Function leverage(),Warning,issuanceOfStock not found,2022-05-07 13:45:32.582451
443,NWS,News Corporation (NWS),Main,Completed,Added,2022-05-07 13:45:32.588430
444,NWSA,News Corporation (NWSA),Function leverage(),Warning,issuanceOfStock not found,2022-05-07 13:45:49.099197
445,NWSA,News Corporation (NWSA),Main,Completed,Added,2022-05-07 13:45:49.107177
446,NXPI,NXP Semiconductors N.V. (NXPI),Main,Completed,Added,2022-05-07 13:46:05.912226
447,O,Realty Income Corporation (O),Main,Completed,Added,2022-05-07 13:46:22.678965
448,ODFL,"Old Dominion Freight Line, Inc. (ODFL)",Function leverage(),Warning,issuanceOfStock not found,2022-05-07 13:46:39.201789
449,ODFL,"Old Dominion Freight Line, Inc. (ODFL)",Main,Completed,Added,2022-05-07 13:46:39.209018
450,OGN,Organon & Co. (OGN),Function leverage(),Warning,issuanceOfStock not found,2022-05-07 13:46:55.570733
451,OGN,Organon & Co. (OGN),Main,Completed,Added,2022-05-07 13:46:55.575720
452,OKE,"ONEOK, Inc. (OKE)",Main,Completed,Added,2022-05-07 13:47:13.083931
453,OMC,Omnicom Group Inc. (OMC),Main,Completed,Added,2022-05-07 13:47:29.817677
454,ORCL,Oracle Corporation (ORCL),Main,Completed,Added,2022-05-07 13:47:46.284377
455,ORLY,"O'Reilly Automotive, Inc. (ORLY)",Main,Completed,Added,2022-05-07 13:48:03.012025
456,OTIS,Otis Worldwide Corporation (OTIS),Function leverage(),Warning,issuanceOfStock not found,2022-05-07 13:48:19.567274
457,OTIS,Otis Worldwide Corporation (OTIS),Main,Completed,Added,2022-05-07 13:48:19.574452
458,OXY,Occidental Petroleum Corporation (OXY),Main,Completed,Added,2022-05-07 13:48:50.480925
459,PARA,Paramount Global (PARA),Function profitability(),Error,Fiscal Year 2020 not found in financial statements,2022-05-07 13:49:07.238710
460,PAYC,"Paycom Software, Inc. (PAYC)",Function leverage(),Warning,issuanceOfStock not found,2022-05-07 13:49:19.886175
461,PAYC,"Paycom Software, Inc. (PAYC)",Main,Completed,Added,2022-05-07 13:49:19.892159
462,PAYX,"Paychex, Inc. (PAYX)",Main,Completed,Added,2022-05-07 13:49:36.353328
463,PCAR,PACCAR Inc (PCAR),Function leverage(),Warning,longTermDebt not found,2022-05-07 13:49:52.808147
464,PCAR,PACCAR Inc (PCAR),Main,Completed,Added,2022-05-07 13:49:52.816043
465,PEAK,"Healthpeak Properties, Inc. (PEAK)",Main,Completed,Added,2022-05-07 13:50:09.484700
466,PEG,Public Service Enterprise Group Incorporated (PEG),Function leverage(),Warning,issuanceOfStock not found,2022-05-07 13:50:25.944624
467,PEG,Public Service Enterprise Group Incorporated (PEG),Main,Completed,Added,2022-05-07 13:50:25.951786
468,PENN,"Penn National Gaming, Inc. (PENN)",Main,Completed,Added,2022-05-07 13:50:42.921622
469,PEP,"PepsiCo, Inc. (PEP)",Main,Completed,Added,2022-05-07 13:50:59.760326
470,PFE,Pfizer Inc. (PFE),Main,Completed,Added,2022-05-07 13:51:16.647252
471,PFG,"Principal Financial Group, Inc. (PFG)",Main,Completed,Added,2022-05-07 13:51:34.280345
472,PG,The Procter & Gamble Company (PG),Main,Completed,Added,2022-05-07 13:51:51.625042
473,PGR,The Progressive Corporation (PGR),Main,Completed,Added,2022-05-07 13:52:07.742287
474,PH,Parker-Hannifin Corporation (PH),Main,Completed,Added,2022-05-07 13:52:24.378323
475,PHM,"PulteGroup, Inc. (PHM)",Main,Completed,Added,2022-05-07 13:52:40.888492
476,PKG,Packaging Corporation of America (PKG),Function leverage(),Warning,issuanceOfStock not found,2022-05-07 13:52:57.273198
477,PKG,Packaging Corporation of America (PKG),Main,Completed,Added,2022-05-07 13:52:57.278877
478,PKI,"PerkinElmer, Inc. (PKI)",Function profitability(),Error,Fiscal Year 2020 not found in financial statements,2022-05-07 13:53:13.630071
479,PLD,"Prologis, Inc. (PLD)",Main,Completed,Added,2022-05-07 13:53:26.114068
480,PM,Philip Morris International Inc. (PM),Function leverage(),Warning,issuanceOfStock not found,2022-05-07 13:53:42.738012
481,PM,Philip Morris International Inc. (PM),Main,Completed,Added,2022-05-07 13:53:42.744993
482,PNC,,Function get_data(),Error,"HTTPSConnectionPool(host='finance.yahoo.com', port=443): Max retries exceeded with url: /quote/PNC/cash-flow?p=PNC (Caused by SSLError(SSLError(1, '[SSL: WRONG_VERSION_NUMBER] wrong version number (_ssl.c:1125)')))",2022-05-07 13:53:54.245625
483,PNC,,Function get_data(),Error,"HTTPSConnectionPool(host='finance.yahoo.com', port=443): Max retries exceeded with url: /quote/PNC/balance-sheet?p=PNC (Caused by SSLError(SSLError(1, '[SSL: WRONG_VERSION_NUMBER] wrong version number (_ssl.c:1125)')))",2022-05-07 13:54:14.327611
484,PNC,,Function get_data(),Error,"HTTPSConnectionPool(host='finance.yahoo.com', port=443): Max retries exceeded with url: /quote/PNC/balance-sheet?p=PNC (Caused by SSLError(SSLError(1, '[SSL: WRONG_VERSION_NUMBER] wrong version number (_ssl.c:1125)')))",2022-05-07 13:54:34.391891
485,PNC,"The PNC Financial Services Group, Inc. (PNC)",Main,Completed,Added,2022-05-07 13:55:06.725098
486,PNR,Pentair plc (PNR),Main,Completed,Added,2022-05-07 13:55:23.298921
487,PNW,Pinnacle West Capital Corporation (PNW),Main,Completed,Added,2022-05-07 13:55:39.986226
488,POOL,Pool Corporation (POOL),Main,Completed,Added,2022-05-07 13:55:56.735348
489,PPG,"PPG Industries, Inc. (PPG)",Main,Completed,Added,2022-05-07 13:56:13.479115
490,PPL,PPL Corporation (PPL),Main,Completed,Added,2022-05-07 13:56:29.886496
491,PRU,"Prudential Financial, Inc. (PRU)",Main,Completed,Added,2022-05-07 13:56:46.400494
492,PSA,Public Storage (PSA),Main,Completed,Added,2022-05-07 13:57:02.994261
493,PSX,Phillips 66 (PSX),Main,Completed,Added,2022-05-07 13:57:19.197295
494,PTC,PTC Inc. (PTC),Main,Completed,Added,2022-05-07 13:57:35.681335
495,PVH,PVH Corp. (PVH),Main,Completed,Added,2022-05-07 13:57:52.121447
496,PWR,,Function get_data(),Error,'NoneType' object is not subscriptable,2022-05-07 13:58:03.582833
497,PXD,Pioneer Natural Resources Company (PXD),Main,Completed,Added,2022-05-07 13:58:15.766337
498,PYPL,"PayPal Holdings, Inc. (PYPL)",Main,Completed,Added,2022-05-07 13:58:32.608517
499,QCOM,QUALCOMM Incorporated (QCOM),Main,Completed,Added,2022-05-07 13:58:48.950509
500,QRVO,"Qorvo, Inc. (QRVO)",Main,Completed,Added,2022-05-07 13:59:05.482476
501,RCL,Royal Caribbean Cruises Ltd. (RCL),Main,Completed,Added,2022-05-07 13:59:22.282319
502,RE,"Everest Re Group, Ltd. (RE)",Function leverage(),Warning,issuanceOfStock not found,2022-05-07 13:59:38.720687
503,RE,"Everest Re Group, Ltd. (RE)",Main,Completed,Added,2022-05-07 13:59:38.727515
504,REG,#Missing,Main,Completed,Added,2022-05-07 13:59:54.885199
505,REGN,"Regeneron Pharmaceuticals, Inc. (REGN)",Main,Completed,Added,2022-05-07 14:00:13.390737
506,RF,Regions Financial Corporation (RF),Function leverage(),Warning,issuanceOfStock not found,2022-05-07 14:00:31.186951
507,RF,Regions Financial Corporation (RF),Main,Completed,Added,2022-05-07 14:00:31.193956
508,RHI,Robert Half International Inc. (RHI),Function leverage(),Warning,issuanceOfStock not found,2022-05-07 14:00:48.117759
509,RHI,Robert Half International Inc. (RHI),Main,Completed,Added,2022-05-07 14:00:48.124076
510,RJF,"Raymond James Financial, Inc. (RJF)",Main,Completed,Added,2022-05-07 14:01:04.291783
511,RL,Ralph Lauren Corporation (RL),Main,Completed,Added,2022-05-07 14:01:21.076293
512,RMD,ResMed Inc. (RMD),Main,Completed,Added,2022-05-07 14:01:37.495819
513,ROK,"Rockwell Automation, Inc. (ROK)",Main,Completed,Added,2022-05-07 14:01:54.060804
514,ROL,"Rollins, Inc. (ROL)",Function leverage(),Warning,issuanceOfStock not found,2022-05-07 14:02:10.872570
515,ROL,"Rollins, Inc. (ROL)",Main,Completed,Added,2022-05-07 14:02:10.878554
516,ROP,"Roper Technologies, Inc. (ROP)",Main,Completed,Added,2022-05-07 14:02:27.915365
517,ROST,"Ross Stores, Inc. (ROST)",Main,Completed,Added,2022-05-07 14:02:45.036791
518,RSG,"Republic Services, Inc. (RSG)",Main,Completed,Added,2022-05-07 14:03:01.965680
519,RTX,Raytheon Technologies Corporation (RTX),Main,Completed,Added,2022-05-07 14:03:18.221670
520,SBAC,SBA Communications Corporation (SBAC),Main,Completed,Added,2022-05-07 14:03:34.644544
521,SBNY,Signature Bank (SBNY),Function leverage(),Warning,issuanceOfStock not found,2022-05-07 14:03:51.152784
522,SBNY,Signature Bank (SBNY),Main,Completed,Added,2022-05-07 14:03:51.158811
523,SBUX,Starbucks Corporation (SBUX),Main,Completed,Added,2022-05-07 14:04:07.772912
524,SCHW,The Charles Schwab Corporation (SCHW),Main,Completed,Added,2022-05-07 14:04:24.195669
525,SEDG,"SolarEdge Technologies, Inc. (SEDG)",Main,Completed,Added,2022-05-07 14:04:40.914707
526,SEE,Sealed Air Corporation (SEE),Function leverage(),Warning,issuanceOfStock not found,2022-05-07 14:04:57.624977
527,SEE,Sealed Air Corporation (SEE),Main,Completed,Added,2022-05-07 14:04:57.631259
528,SHW,The Sherwin-Williams Company (SHW),Main,Completed,Added,2022-05-07 14:05:14.117308
529,SIVB,SVB Financial Group (SIVB),Main,Completed,Added,2022-05-07 14:05:30.366209
530,SJM,The J. M. Smucker Company (SJM),Main,Completed,Added,2022-05-07 14:05:46.778025
531,SLB,Schlumberger Limited (SLB),Main,Completed,Added,2022-05-07 14:06:03.322763
532,SNA,Snap-on Incorporated (SNA),Function profitability(),Error,Fiscal Year 2020 not found in financial statements,2022-05-07 14:06:19.892769
533,SNPS,"Synopsys, Inc. (SNPS)",Main,Completed,Added,2022-05-07 14:06:32.626927
534,SO,The Southern Company (SO),Main,Completed,Added,2022-05-07 14:06:49.233336
535,SPG,"Simon Property Group, Inc. (SPG)",Main,Completed,Added,2022-05-07 14:07:05.654909
536,SPGI,S&P Global Inc. (SPGI),Main,Completed,Added,2022-05-07 14:07:22.297870
537,SRE,Sempra (SRE),Main,Completed,Added,2022-05-07 14:07:38.823621
538,STE,STERIS plc (STE),Main,Completed,Added,2022-05-07 14:07:55.064038
539,STT,State Street Corporation (STT),Main,Completed,Added,2022-05-07 14:08:11.832014
540,STX,Seagate Technology Holdings plc (STX),Main,Completed,Added,2022-05-07 14:08:28.363205
541,STZ,"Constellation Brands, Inc. (STZ)",Main,Completed,Added,2022-05-07 14:08:44.832903
542,SWK,"Stanley Black & Decker, Inc. (SWK)",Function profitability(),Error,Fiscal Year 2020 not found in financial statements,2022-05-07 14:09:01.287534
543,SWKS,"Skyworks Solutions, Inc. (SWKS)",Main,Completed,Added,2022-05-07 14:09:13.710731
544,SYF,Synchrony Financial (SYF),Function leverage(),Warning,issuanceOfStock not found,2022-05-07 14:09:30.282447
545,SYF,Synchrony Financial (SYF),Main,Completed,Added,2022-05-07 14:09:30.289331
546,SYK,Stryker Corporation (SYK),Function leverage(),Warning,issuanceOfStock not found,2022-05-07 14:09:46.556994
547,SYK,Stryker Corporation (SYK),Main,Completed,Added,2022-05-07 14:09:46.563292
548,SYY,Sysco Corporation (SYY),Main,Completed,Added,2022-05-07 14:10:03.126366
549,T,AT&T Inc. (T),Main,Completed,Added,2022-05-07 14:10:19.656351
550,TAP,Molson Coors Beverage Company (TAP),Main,Completed,Added,2022-05-07 14:10:36.549217
551,TDG,TransDigm Group Incorporated (TDG),Main,Completed,Added,2022-05-07 14:10:53.563388
552,TDY,Teledyne Technologies Incorporated (TDY),Function profitability(),Error,Fiscal Year 2020 not found in financial statements,2022-05-07 14:11:10.349342
553,TECH,#Missing,Main,Completed,Added,2022-05-07 14:11:22.455058
554,TEL,TE Connectivity Ltd. (TEL),Main,Completed,Added,2022-05-07 14:11:38.828589
555,TER,"Teradyne, Inc. (TER)",Main,Completed,Added,2022-05-07 14:11:55.342833
556,TFC,Truist Financial Corporation (TFC),Function leverage(),Warning,issuanceOfStock not found,2022-05-07 14:12:11.529204
557,TFC,Truist Financial Corporation (TFC),Main,Completed,Added,2022-05-07 14:12:11.536755
558,TFX,Teleflex Incorporated (TFX),Main,Completed,Added,2022-05-07 14:12:27.220359
559,TGT,Target Corporation (TGT),Main,Completed,Added,2022-05-07 14:12:43.690879
560,TJX,"The TJX Companies, Inc. (TJX)",Main,Completed,Added,2022-05-07 14:13:00.434929
561,TMO,Thermo Fisher Scientific Inc. (TMO),Main,Completed,Added,2022-05-07 14:13:17.526368
562,TMUS,"T-Mobile US, Inc. (TMUS)",Main,Completed,Added,2022-05-07 14:13:35.200549
563,TPR,"Tapestry, Inc. (TPR)",Main,Completed,Added,2022-05-07 14:13:52.104642
564,TRMB,Trimble Inc. (TRMB),Main,Completed,Added,2022-05-07 14:14:09.347582
565,TROW,"T. Rowe Price Group, Inc. (TROW)",Main,Completed,Added,2022-05-07 14:14:24.900818
566,TRV,"The Travelers Companies, Inc. (TRV)",Main,Completed,Added,2022-05-07 14:14:41.136930
567,TSCO,Tractor Supply Company (TSCO),Main,Completed,Added,2022-05-07 14:14:57.721593
568,TSLA,"Tesla, Inc. (TSLA)",Main,Completed,Added,2022-05-07 14:15:13.227174
569,TSN,"Tyson Foods, Inc. (TSN)",Main,Completed,Added,2022-05-07 14:15:29.716622
570,TT,Trane Technologies plc (TT),Main,Completed,Added,2022-05-07 14:15:46.399032
571,TTWO,"Take-Two Interactive Software, Inc. (TTWO)",Main,Completed,Added,2022-05-07 14:16:02.679784
572,TWTR,"Twitter, Inc. (TWTR)",Main,Completed,Added,2022-05-07 14:16:19.140233
573,TXN,Texas Instruments Incorporated (TXN),Main,Completed,Added,2022-05-07 14:16:36.218044
574,TXT,Textron Inc. (TXT),Main,Completed,Added,2022-05-07 14:16:51.927546
575,TYL,"Tyler Technologies, Inc. (TYL)",Main,Completed,Added,2022-05-07 14:17:08.379908
576,UA,"Under Armour, Inc. (UA)",Main,Completed,Added,2022-05-07 14:17:25.294967
577,UAA,"Under Armour, Inc. (UAA)",Main,Completed,Added,2022-05-07 14:17:41.939854
578,UAL,"United Airlines Holdings, Inc. (UAL)",Main,Completed,Added,2022-05-07 14:17:58.555553
579,UDR,,Function get_data(),Error,'NoneType' object is not subscriptable,2022-05-07 14:18:09.683548
580,UHS,"Universal Health Services, Inc. (UHS)",Main,Completed,Added,2022-05-07 14:18:22.340170
581,ULTA,"Ulta Beauty, Inc. (ULTA)",Function leverage(),Warning,longTermDebt not found,2022-05-07 14:18:38.753133
582,ULTA,"Ulta Beauty, Inc. (ULTA)",Main,Completed,Added,2022-05-07 14:18:38.759891
583,UNH,UnitedHealth Group Incorporated (UNH),Main,Completed,Added,2022-05-07 14:18:54.890087
584,UNP,Union Pacific Corporation (UNP),Function leverage(),Warning,issuanceOfStock not found,2022-05-07 14:19:11.467541
585,UNP,Union Pacific Corporation (UNP),Main,Completed,Added,2022-05-07 14:19:11.474170
586,UPS,"United Parcel Service, Inc. (UPS)",Main,Completed,Added,2022-05-07 14:19:27.749811
587,URI,"United Rentals, Inc. (URI)",Main,Completed,Added,2022-05-07 14:19:44.437300
588,USB,U.S. Bancorp (USB),Main,Completed,Added,2022-05-07 14:20:01.304630
589,V,Visa Inc. (V),Main,Completed,Added,2022-05-07 14:20:17.198922
590,VFC,V.F. Corporation (VFC),Main,Completed,Added,2022-05-07 14:20:33.391730
591,VLO,Valero Energy Corporation (VLO),Function leverage(),Warning,issuanceOfStock not found,2022-05-07 14:20:49.977539
592,VLO,Valero Energy Corporation (VLO),Main,Completed,Added,2022-05-07 14:20:49.983606
593,VMC,Vulcan Materials Company (VMC),Function leverage(),Warning,issuanceOfStock not found,2022-05-07 14:21:06.636355
594,VMC,Vulcan Materials Company (VMC),Main,Completed,Added,2022-05-07 14:21:06.643541
595,VNO,Vornado Realty Trust (VNO),Main,Completed,Added,2022-05-07 14:21:23.139102
596,VRSK,"Verisk Analytics, Inc. (VRSK)",Main,Completed,Added,2022-05-07 14:21:39.675571
597,VRSN,"VeriSign, Inc. (VRSN)",Main,Completed,Added,2022-05-07 14:21:56.304256
598,VRTX,Vertex Pharmaceuticals Incorporated (VRTX),Function leverage(),Warning,longTermDebt not found,2022-05-07 14:22:12.523526
599,VRTX,Vertex Pharmaceuticals Incorporated (VRTX),Main,Completed,Added,2022-05-07 14:22:12.529742
600,VTR,"Ventas, Inc. (VTR)",Main,Completed,Added,2022-05-07 14:22:29.235712
601,VTRS,Viatris Inc. (VTRS),Main,Completed,Added,2022-05-07 14:22:45.591246
602,VZ,Verizon Communications Inc. (VZ),Function leverage(),Warning,issuanceOfStock not found,2022-05-07 14:23:02.187311
603,VZ,Verizon Communications Inc. (VZ),Main,Completed,Added,2022-05-07 14:23:02.193323
604,WAB,Westinghouse Air Brake Technologies Corporation (WAB),Function leverage(),Warning,issuanceOfStock not found,2022-05-07 14:23:18.353890
605,WAB,Westinghouse Air Brake Technologies Corporation (WAB),Main,Completed,Added,2022-05-07 14:23:18.360752
606,WAT,Waters Corporation (WAT),Main,Completed,Added,2022-05-07 14:23:34.730347
607,WBA,"Walgreens Boots Alliance, Inc. (WBA)",Main,Completed,Added,2022-05-07 14:23:51.269371
608,WBD,"Warner Bros. Discovery, Inc. (WBD)",Function profitability(),Error,Fiscal Year 2020 not found in financial statements,2022-05-07 14:24:07.796776
609,WDC,Western Digital Corporation (WDC),Main,Completed,Added,2022-05-07 14:24:20.908075
610,WEC,"WEC Energy Group, Inc. (WEC)",Main,Completed,Added,2022-05-07 14:24:37.650119
611,WELL,Welltower Inc. (WELL),Main,Completed,Added,2022-05-07 14:24:54.694259
612,WFC,Wells Fargo & Company (WFC),Main,Completed,Added,2022-05-07 14:25:11.448203
613,WHR,Whirlpool Corporation (WHR),Main,Completed,Added,2022-05-07 14:25:28.087753
614,WM,"Waste Management, Inc. (WM)",Main,Completed,Added,2022-05-07 14:25:44.354140
615,WMB,"The Williams Companies, Inc. (WMB)",Main,Completed,Added,2022-05-07 14:26:01.160776
616,WMT,Walmart Inc. (WMT),Function leverage(),Warning,issuanceOfStock not found,2022-05-07 14:26:17.383094
617,WMT,Walmart Inc. (WMT),Main,Completed,Added,2022-05-07 14:26:17.388985
618,WRB,W. R. Berkley Corporation (WRB),Function leverage(),Warning,issuanceOfStock not found,2022-05-07 14:26:34.217131
619,WRB,W. R. Berkley Corporation (WRB),Main,Completed,Added,2022-05-07 14:26:34.223052
620,WRK,WestRock Company (WRK),Main,Completed,Added,2022-05-07 14:26:50.677310
621,WST,"West Pharmaceutical Services, Inc. (WST)",Main,Completed,Added,2022-05-07 14:27:07.164323
622,WTW,Willis Towers Watson Public Limited Company (WTW),Main,Completed,Added,2022-05-07 14:27:24.201145
623,WY,Weyerhaeuser Company (WY),Main,Completed,Added,2022-05-07 14:27:40.958099
624,WYNN,"Wynn Resorts, Limited (WYNN)",Main,Completed,Added,2022-05-07 14:27:57.630769
625,XEL,Xcel Energy Inc. (XEL),Main,Completed,Added,2022-05-07 14:28:14.354822
626,XOM,Exxon Mobil Corporation (XOM),Function leverage(),Warning,issuanceOfStock not found,2022-05-07 14:28:30.679053
627,XOM,Exxon Mobil Corporation (XOM),Main,Completed,Added,2022-05-07 14:28:30.686035
628,XRAY,DENTSPLY SIRONA Inc. (XRAY),Main,Completed,Added,2022-05-07 14:28:47.196348
629,XYL,Xylem Inc. (XYL),Main,Completed,Added,2022-05-07 14:29:03.772921
630,YUM,"Yum! Brands, Inc. (YUM)",Function leverage(),Warning,issuanceOfStock not found,2022-05-07 14:29:20.489012
631,YUM,"Yum! Brands, Inc. (YUM)",Main,Completed,Added,2022-05-07 14:29:20.496991
632,ZBH,"Zimmer Biomet Holdings, Inc. (ZBH)",Main,Completed,Added,2022-05-07 14:29:37.887199
633,ZBRA,Zebra Technologies Corporation (ZBRA),Main,Completed,Added,2022-05-07 14:29:54.571835
634,ZION,"Zions Bancorporation, National Association (ZION)",Main,Completed,Added,2022-05-07 14:30:11.322378
635,,,Main,Completed,SP500 stocks info uploaded,2022-05-07 14:30:16.856088
636,,,Main,Completed,SP500 index share prices uploaded,2022-05-07 14:30:18.214744
637,,,Main,Completed,SP500 stocks share prices uploaded,2022-05-07 14:30:20.339497
