,Ticker,Company Name,Step,Status,Info,LogTime
0,,,Main,Completed,SP500 tickers downloaded (504 tickers),2022-05-07 14:54:17.681801
1,A,"Agilent Technologies, Inc. (A)",Main,Completed,Added,2022-05-07 14:54:23.315113
2,AAL,American Airlines Group Inc. (AAL),Main,Completed,Added,2022-05-07 14:54:32.328793
3,AAP,"Advance Auto Parts, Inc. (AAP)",Main,Completed,Added,2022-05-07 14:54:41.841530
4,AAPL,Apple Inc. (AAPL),Main,Completed,Added,2022-05-07 14:54:51.183761
5,ABBV,AbbVie Inc. (ABBV),Main,Completed,Added,2022-05-07 14:55:00.625114
6,ABC,AmerisourceBergen Corporation (ABC),Main,Completed,Added,2022-05-07 14:55:09.481520
7,ABMD,"Abiomed, Inc. (ABMD)",Function profitability(),Error,index 4 is out of bounds for axis 0 with size 4,2022-05-07 14:55:18.899125
8,ABT,Abbott Laboratories (ABT),Main,Completed,Added,2022-05-07 14:55:24.553733
9,ACN,Accenture plc (ACN),Main,Completed,Added,2022-05-07 14:55:34.425686
10,ADBE,,Function get_data(),Error,"HTTPSConnectionPool(host='finance.yahoo.com', port=443): Max retries exceeded with url: /quote/ADBE/balance-sheet?p=ADBE (Caused by SSLError(SSLError(1, '[SSL: WRONG_VERSION_NUMBER] wrong version number (_ssl.c:1125)')))",2022-05-07 14:55:38.491305
11,ADBE,,Function get_data(),Error,"HTTPSConnectionPool(host='finance.yahoo.com', port=443): Max retries exceeded with url: /quote/ADBE/balance-sheet?p=ADBE (Caused by SSLError(SSLError(1, '[SSL: WRONG_VERSION_NUMBER] wrong version number (_ssl.c:1125)')))",2022-05-07 14:55:58.583232
12,ADBE,,Function get_data(),Error,"HTTPSConnectionPool(host='finance.yahoo.com', port=443): Max retries exceeded with url: /quote/ADBE/balance-sheet?p=ADBE (Caused by SSLError(SSLError(1, '[SSL: WRONG_VERSION_NUMBER] wrong version number (_ssl.c:1125)')))",2022-05-07 14:56:18.681281
13,ADBE,,Function get_data(),Error,"HTTPSConnectionPool(host='finance.yahoo.com', port=443): Max retries exceeded with url: /quote/ADBE/balance-sheet?p=ADBE (Caused by SSLError(SSLError(1, '[SSL: WRONG_VERSION_NUMBER] wrong version number (_ssl.c:1125)')))",2022-05-07 14:56:38.833339
14,ADBE,Adobe Inc. (ADBE),Main,Completed,Added,2022-05-07 14:57:04.841525
15,ADI,"Analog Devices, Inc. (ADI)",Main,Completed,Added,2022-05-07 14:57:13.952678
16,ADM,Archer-Daniels-Midland Company (ADM),Function leverage(),Warning,issuanceOfStock not found,2022-05-07 14:57:23.740240
17,ADM,Archer-Daniels-Midland Company (ADM),Main,Completed,Added,2022-05-07 14:57:23.746462
18,ADP,"Automatic Data Processing, Inc. (ADP)",Main,Completed,Added,2022-05-07 14:57:34.878162
19,ADSK,"Autodesk, Inc. (ADSK)",Main,Completed,Added,2022-05-07 14:57:50.780011
20,AEE,Ameren Corporation (AEE),Main,Completed,Added,2022-05-07 14:58:07.098621
21,AEP,"American Electric Power Company, Inc. (AEP)",Main,Completed,Added,2022-05-07 14:58:23.400987
22,AES,The AES Corporation (AES),Function leverage(),Warning,issuanceOfStock not found,2022-05-07 14:58:39.987108
23,AES,The AES Corporation (AES),Main,Completed,Added,2022-05-07 14:58:39.993347
24,AFL,Aflac Incorporated (AFL),Main,Completed,Added,2022-05-07 14:58:56.474513
25,AIG,"American International Group, Inc. (AIG)",Function leverage(),Warning,issuanceOfStock not found,2022-05-07 14:59:12.405007
26,AIG,"American International Group, Inc. (AIG)",Main,Completed,Added,2022-05-07 14:59:12.411988
27,AIZ,"Assurant, Inc. (AIZ)",Function leverage(),Warning,issuanceOfStock not found,2022-05-07 14:59:28.659177
28,AIZ,"Assurant, Inc. (AIZ)",Main,Completed,Added,2022-05-07 14:59:28.664929
29,AJG,Arthur J. Gallagher & Co. (AJG),Main,Completed,Added,2022-05-07 14:59:45.587083
30,AKAM,"Akamai Technologies, Inc. (AKAM)",Main,Completed,Added,2022-05-07 15:00:02.046448
31,ALB,Albemarle Corporation (ALB),Main,Completed,Added,2022-05-07 15:00:18.398684
32,ALGN,"Align Technology, Inc. (ALGN)",Function leverage(),Warning,longTermDebt not found,2022-05-07 15:00:34.502527
33,ALGN,"Align Technology, Inc. (ALGN)",Main,Completed,Added,2022-05-07 15:00:34.508780
34,ALK,"Alaska Air Group, Inc. (ALK)",Function leverage(),Warning,issuanceOfStock not found,2022-05-07 15:00:50.881399
35,ALK,"Alaska Air Group, Inc. (ALK)",Main,Completed,Added,2022-05-07 15:00:50.887615
36,ALL,The Allstate Corporation (ALL),Main,Completed,Added,2022-05-07 15:01:07.333953
37,ALLE,Allegion plc (ALLE),Main,Completed,Added,2022-05-07 15:01:23.855893
38,AMAT,"Applied Materials, Inc. (AMAT)",Main,Completed,Added,2022-05-07 15:01:40.894971
39,AMCR,Amcor plc (AMCR),Main,Completed,Added,2022-05-07 15:01:57.668994
40,AMD,"Advanced Micro Devices, Inc. (AMD)",Main,Completed,Added,2022-05-07 15:02:13.357007
41,AME,"AMETEK, Inc. (AME)",Main,Completed,Added,2022-05-07 15:02:29.711752
42,AMGN,Amgen Inc. (AMGN),Function leverage(),Warning,issuanceOfStock not found,2022-05-07 15:02:45.465012
43,AMGN,Amgen Inc. (AMGN),Main,Completed,Added,2022-05-07 15:02:45.470094
44,AMP,"Ameriprise Financial, Inc. (AMP)",Main,Completed,Added,2022-05-07 15:03:01.755063
45,AMT,American Tower Corporation (AMT),Main,Completed,Added,2022-05-07 15:03:17.814249
46,AMZN,"Amazon.com, Inc. (AMZN)",Function leverage(),Warning,issuanceOfStock not found,2022-05-07 15:03:33.877086
47,AMZN,"Amazon.com, Inc. (AMZN)",Main,Completed,Added,2022-05-07 15:03:33.884252
48,ANET,"Arista Networks, Inc. (ANET)",Function leverage(),Warning,longTermDebt not found,2022-05-07 15:03:50.289043
49,ANET,"Arista Networks, Inc. (ANET)",Main,Completed,Added,2022-05-07 15:03:50.294901
50,ANSS,"ANSYS, Inc. (ANSS)",Main,Completed,Added,2022-05-07 15:04:06.962372
51,ANTM,"Anthem, Inc. (ANTM)",Main,Completed,Added,2022-05-07 15:04:22.859914
52,AON,Aon plc (AON),Function leverage(),Warning,issuanceOfStock not found,2022-05-07 15:04:39.574977
53,AON,Aon plc (AON),Main,Completed,Added,2022-05-07 15:04:39.580967
54,AOS,A. O. Smith Corporation (AOS),Main,Completed,Added,2022-05-07 15:04:55.630117
55,APA,APA Corporation (APA),Main,Completed,Added,2022-05-07 15:05:12.505197
56,APD,"Air Products and Chemicals, Inc. (APD)",Main,Completed,Added,2022-05-07 15:05:28.862045
57,APH,Amphenol Corporation (APH),Main,Completed,Added,2022-05-07 15:05:45.527924
58,APTV,Aptiv PLC (APTV),Main,Completed,Added,2022-05-07 15:06:02.440623
59,ARE,"Alexandria Real Estate Equities, Inc. (ARE)",Main,Completed,Added,2022-05-07 15:06:19.166134
60,ATO,Atmos Energy Corporation (ATO),Main,Completed,Added,2022-05-07 15:06:35.546008
61,ATVI,"Activision Blizzard, Inc. (ATVI)",Main,Completed,Added,2022-05-07 15:06:51.703493
62,AVB,"AvalonBay Communities, Inc. (AVB)",Main,Completed,Added,2022-05-07 15:07:07.642300
63,AVGO,Broadcom Inc. (AVGO),Main,Completed,Added,2022-05-07 15:07:24.030323
64,AVY,Avery Dennison Corporation (AVY),Main,Completed,Added,2022-05-07 15:07:40.438738
65,AWK,"American Water Works Company, Inc. (AWK)",Main,Completed,Added,2022-05-07 15:07:57.037597
66,AXP,American Express Company (AXP),Main,Completed,Added,2022-05-07 15:08:13.468814
67,AZO,"AutoZone, Inc. (AZO)",Main,Completed,Added,2022-05-07 15:08:30.287322
68,BA,The Boeing Company (BA),Main,Completed,Added,2022-05-07 15:08:46.769777
69,BAC,Bank of America Corporation (BAC),Function leverage(),Warning,issuanceOfStock not found,2022-05-07 15:09:03.463748
70,BAC,Bank of America Corporation (BAC),Main,Completed,Added,2022-05-07 15:09:03.469932
71,BAX,Baxter International Inc. (BAX),Main,Completed,Added,2022-05-07 15:09:20.198187
72,BBWI,"Bath & Body Works, Inc. (BBWI)",Main,Completed,Added,2022-05-07 15:09:37.047654
73,BBY,"Best Buy Co., Inc. (BBY)",Main,Completed,Added,2022-05-07 15:09:53.094713
74,BDX,"Becton, Dickinson and Company (BDX)",Main,Completed,Added,2022-05-07 15:10:09.563627
75,BEN,"Franklin Resources, Inc. (BEN)",Main,Completed,Added,2022-05-07 15:10:25.436543
76,BF-B,Brown-Forman Corporation (BF-B),Function leverage(),Warning,issuanceOfStock not found,2022-05-07 15:10:42.327606
77,BF-B,Brown-Forman Corporation (BF-B),Main,Completed,Added,2022-05-07 15:10:42.335580
78,BIIB,Biogen Inc. (BIIB),Function leverage(),Warning,issuanceOfStock not found,2022-05-07 15:10:59.037667
79,BIIB,Biogen Inc. (BIIB),Main,Completed,Added,2022-05-07 15:10:59.044640
80,BIO,"Bio-Rad Laboratories, Inc. (BIO)",Main,Completed,Added,2022-05-07 15:11:15.740911
81,BK,The Bank of New York Mellon Corporation (BK),Main,Completed,Added,2022-05-07 15:11:32.453139
82,BKNG,Booking Holdings Inc. (BKNG),Function leverage(),Warning,issuanceOfStock not found,2022-05-07 15:11:48.814478
83,BKNG,Booking Holdings Inc. (BKNG),Main,Completed,Added,2022-05-07 15:11:48.820723
84,BKR,,Function get_data(),Error,"HTTPSConnectionPool(host='finance.yahoo.com', port=443): Max retries exceeded with url: /quote/BKR/financials?p=BKR (Caused by SSLError(SSLError(1, '[SSL: WRONG_VERSION_NUMBER] wrong version number (_ssl.c:1125)')))",2022-05-07 15:11:56.334687
85,BKR,,Function get_data(),Error,"HTTPSConnectionPool(host='finance.yahoo.com', port=443): Max retries exceeded with url: /quote/BKR/balance-sheet?p=BKR (Caused by SSLError(SSLError(1, '[SSL: WRONG_VERSION_NUMBER] wrong version number (_ssl.c:1125)')))",2022-05-07 15:12:16.523915
86,BKR,Baker Hughes Company (BKR),Main,Completed,Added,2022-05-07 15:12:49.502149
87,BLK,"BlackRock, Inc. (BLK)",Function leverage(),Warning,issuanceOfStock not found,2022-05-07 15:13:06.269870
88,BLK,"BlackRock, Inc. (BLK)",Main,Completed,Added,2022-05-07 15:13:06.277048
89,BLL,Ball Corporation (BLL),Main,Completed,Added,2022-05-07 15:13:23.025896
90,BMY,Bristol-Myers Squibb Company (BMY),Function leverage(),Warning,issuanceOfStock not found,2022-05-07 15:13:39.392385
91,BMY,Bristol-Myers Squibb Company (BMY),Main,Completed,Added,2022-05-07 15:13:39.398551
92,BR,"Broadridge Financial Solutions, Inc. (BR)",Main,Completed,Added,2022-05-07 15:13:55.403102
93,BRK-B,Berkshire Hathaway Inc. (BRK-B),Function leverage(),Warning,issuanceOfStock not found,2022-05-07 15:14:11.888254
94,BRK-B,Berkshire Hathaway Inc. (BRK-B),Main,Completed,Added,2022-05-07 15:14:11.894194
95,BRO,"Brown & Brown, Inc. (BRO)",Main,Completed,Added,2022-05-07 15:14:28.690767
96,BSX,Boston Scientific Corporation (BSX),Main,Completed,Added,2022-05-07 15:14:45.656904
97,BWA,BorgWarner Inc. (BWA),Function leverage(),Warning,issuanceOfStock not found,2022-05-07 15:15:01.775256
98,BWA,BorgWarner Inc. (BWA),Main,Completed,Added,2022-05-07 15:15:01.781118
99,BXP,"Boston Properties, Inc. (BXP)",Main,Completed,Added,2022-05-07 15:15:18.993714
100,C,Citigroup Inc. (C),Function leverage(),Warning,issuanceOfStock not found,2022-05-07 15:15:35.749951
101,C,Citigroup Inc. (C),Main,Completed,Added,2022-05-07 15:15:35.756781
102,CAG,"Conagra Brands, Inc. (CAG)",Main,Completed,Added,2022-05-07 15:15:52.658294
103,CAH,"Cardinal Health, Inc. (CAH)",Main,Completed,Added,2022-05-07 15:16:09.394697
104,CARR,Carrier Global Corporation (CARR),Function leverage(),Warning,issuanceOfStock not found,2022-05-07 15:16:25.689544
105,CARR,Carrier Global Corporation (CARR),Main,Completed,Added,2022-05-07 15:16:25.696736
106,CAT,Caterpillar Inc. (CAT),Main,Completed,Added,2022-05-07 15:16:41.925006
107,CB,Chubb Limited (CB),Main,Completed,Added,2022-05-07 15:16:58.239452
108,CBOE,"Cboe Global Markets, Inc. (CBOE)",Main,Completed,Added,2022-05-07 15:17:15.543095
109,CBRE,"CBRE Group, Inc. (CBRE)",Function leverage(),Warning,issuanceOfStock not found,2022-05-07 15:17:32.262386
110,CBRE,"CBRE Group, Inc. (CBRE)",Main,Completed,Added,2022-05-07 15:17:32.268655
111,CCI,Crown Castle International Corp. (CCI),Main,Completed,Added,2022-05-07 15:17:49.023984
112,CCL,Carnival Corporation & plc (CCL),Main,Completed,Added,2022-05-07 15:18:05.527917
113,CDAY,#Missing,Main,Completed,Added,2022-05-07 15:18:21.842785
114,CDNS,"Cadence Design Systems, Inc. (CDNS)",Main,Completed,Added,2022-05-07 15:18:38.527400
115,CDW,CDW Corporation (CDW),Main,Completed,Added,2022-05-07 15:18:55.152219
116,CE,Celanese Corporation (CE),Function leverage(),Warning,issuanceOfStock not found,2022-05-07 15:19:11.564284
117,CE,Celanese Corporation (CE),Main,Completed,Added,2022-05-07 15:19:11.571001
118,CEG,Constellation Energy Corporation (CEG),Function profitability(),Error,Fiscal Year 2019 not found in financial statements,2022-05-07 15:19:27.938604
119,CERN,Cerner Corporation (CERN),Main,Completed,Added,2022-05-07 15:19:40.736923
120,CF,"CF Industries Holdings, Inc. (CF)",Main,Completed,Added,2022-05-07 15:19:57.503234
121,CFG,"Citizens Financial Group, Inc. (CFG)",Function leverage(),Warning,issuanceOfStock not found,2022-05-07 15:20:14.144484
122,CFG,"Citizens Financial Group, Inc. (CFG)",Main,Completed,Added,2022-05-07 15:20:14.150469
123,CHD,"Church & Dwight Co., Inc. (CHD)",Main,Completed,Added,2022-05-07 15:20:30.835865
124,CHRW,"C.H. Robinson Worldwide, Inc. (CHRW)",Main,Completed,Added,2022-05-07 15:20:47.599577
125,CHTR,"Charter Communications, Inc. (CHTR)",Main,Completed,Added,2022-05-07 15:21:04.231523
126,CI,Cigna Corporation (CI),Main,Completed,Added,2022-05-07 15:21:19.982500
127,CINF,Cincinnati Financial Corporation (CINF),Main,Completed,Added,2022-05-07 15:21:36.507387
128,CL,Colgate-Palmolive Company (CL),Main,Completed,Added,2022-05-07 15:21:53.505456
129,CLX,The Clorox Company (CLX),Main,Completed,Added,2022-05-07 15:22:10.264381
130,CMA,Comerica Incorporated (CMA),Main,Completed,Added,2022-05-07 15:22:26.382065
131,CMCSA,Comcast Corporation (CMCSA),Function leverage(),Warning,issuanceOfStock not found,2022-05-07 15:22:43.046339
132,CMCSA,Comcast Corporation (CMCSA),Main,Completed,Added,2022-05-07 15:22:43.052359
133,CME,CME Group Inc. (CME),Main,Completed,Added,2022-05-07 15:22:59.814111
134,CMG,"Chipotle Mexican Grill, Inc. (CMG)",Function leverage(),Warning,longTermDebt not found,2022-05-07 15:23:16.606715
135,CMG,"Chipotle Mexican Grill, Inc. (CMG)",Function leverage(),Warning,issuanceOfStock not found,2022-05-07 15:23:16.609661
136,CMG,"Chipotle Mexican Grill, Inc. (CMG)",Main,Completed,Added,2022-05-07 15:23:16.614693
137,CMI,Cummins Inc. (CMI),Main,Completed,Added,2022-05-07 15:23:33.612631
138,CMS,CMS Energy Corporation (CMS),Main,Completed,Added,2022-05-07 15:23:50.110729
139,CNC,Centene Corporation (CNC),Main,Completed,Added,2022-05-07 15:24:06.418705
140,CNP,"CenterPoint Energy, Inc. (CNP)",Main,Completed,Added,2022-05-07 15:24:22.941425
141,COF,Capital One Financial Corporation (COF),Main,Completed,Added,2022-05-07 15:24:39.362920
142,COO,"The Cooper Companies, Inc. (COO)",Main,Completed,Added,2022-05-07 15:24:55.953070
143,COP,ConocoPhillips (COP),Main,Completed,Added,2022-05-07 15:25:12.814016
144,COST,Costco Wholesale Corporation (COST),Function leverage(),Warning,issuanceOfStock not found,2022-05-07 15:25:29.442766
145,COST,Costco Wholesale Corporation (COST),Main,Completed,Added,2022-05-07 15:25:29.449747
146,CPB,Campbell Soup Company (CPB),Main,Completed,Added,2022-05-07 15:25:45.453015
147,CPRT,"Copart, Inc. (CPRT)",Main,Completed,Added,2022-05-07 15:26:02.264773
148,CPT,Camden Property Trust (CPT),Main,Completed,Added,2022-05-07 15:26:19.431408
149,CRL,"Charles River Laboratories International, Inc. (CRL)",Main,Completed,Added,2022-05-07 15:26:36.311353
150,CRM,"Salesforce, Inc. (CRM)",Main,Completed,Added,2022-05-07 15:26:52.270739
151,CSCO,"Cisco Systems, Inc. (CSCO)",Main,Completed,Added,2022-05-07 15:27:08.893037
152,CSX,CSX Corporation (CSX),Function leverage(),Warning,issuanceOfStock not found,2022-05-07 15:27:25.420182
153,CSX,CSX Corporation (CSX),Main,Completed,Added,2022-05-07 15:27:25.426942
154,CTAS,,Function get_data(),Error,"HTTPSConnectionPool(host='finance.yahoo.com', port=443): Max retries exceeded with url: /quote/CTAS/financials?p=CTAS (Caused by SSLError(SSLError(1, '[SSL: WRONG_VERSION_NUMBER] wrong version number (_ssl.c:1125)')))",2022-05-07 15:27:33.028864
155,CTAS,,Function get_data(),Error,"HTTPSConnectionPool(host='finance.yahoo.com', port=443): Max retries exceeded with url: /quote/CTAS/balance-sheet?p=CTAS (Caused by SSLError(SSLError(1, '[SSL: WRONG_VERSION_NUMBER] wrong version number (_ssl.c:1125)')))",2022-05-07 15:27:53.163356
156,CTAS,Cintas Corporation (CTAS),Main,Completed,Added,2022-05-07 15:28:26.441448
157,CTLT,"Catalent, Inc. (CTLT)",Main,Completed,Added,2022-05-07 15:28:42.887805
158,CTRA,Coterra Energy Inc. (CTRA),Function leverage(),Warning,issuanceOfStock not found,2022-05-07 15:28:59.576608
159,CTRA,Coterra Energy Inc. (CTRA),Main,Completed,Added,2022-05-07 15:28:59.582504
160,CTSH,Cognizant Technology Solutions Corporation (CTSH),Main,Completed,Added,2022-05-07 15:29:16.247109
161,CTVA,"Corteva, Inc. (CTVA)",Main,Completed,Added,2022-05-07 15:29:32.954095
162,CTXS,"Citrix Systems, Inc. (CTXS)",Main,Completed,Added,2022-05-07 15:29:49.585207
163,CVS,CVS Health Corporation (CVS),Main,Completed,Added,2022-05-07 15:30:06.341074
164,CVX,Chevron Corporation (CVX),Function leverage(),Warning,issuanceOfStock not found,2022-05-07 15:30:22.934685
165,CVX,Chevron Corporation (CVX),Main,Completed,Added,2022-05-07 15:30:22.940634
166,CZR,"Caesars Entertainment, Inc. (CZR)",Main,Completed,Added,2022-05-07 15:30:39.629292
167,D,"Dominion Energy, Inc. (D)",Main,Completed,Added,2022-05-07 15:30:56.625791
168,DAL,"Delta Air Lines, Inc. (DAL)",Function leverage(),Warning,issuanceOfStock not found,2022-05-07 15:31:13.137622
169,DAL,"Delta Air Lines, Inc. (DAL)",Main,Completed,Added,2022-05-07 15:31:13.143511
170,DD,"DuPont de Nemours, Inc. (DD)",Main,Completed,Added,2022-05-07 15:31:30.018755
171,DE,Deere & Company (DE),Main,Completed,Added,2022-05-07 15:31:46.880672
172,DFS,Discover Financial Services (DFS),Main,Completed,Added,2022-05-07 15:32:03.142341
173,DG,Dollar General Corporation (DG),Function leverage(),Warning,issuanceOfStock not found,2022-05-07 15:32:19.902650
174,DG,Dollar General Corporation (DG),Main,Completed,Added,2022-05-07 15:32:19.908634
175,DGX,Quest Diagnostics Incorporated (DGX),Main,Completed,Added,2022-05-07 15:32:36.411058
176,DHI,"D.R. Horton, Inc. (DHI)",Main,Completed,Added,2022-05-07 15:32:52.975641
177,DHR,Danaher Corporation (DHR),Main,Completed,Added,2022-05-07 15:33:09.904163
178,DIS,The Walt Disney Company (DIS),Main,Completed,Added,2022-05-07 15:33:25.990909
179,DISH,DISH Network Corporation (DISH),Main,Completed,Added,2022-05-07 15:33:42.790134
180,DLR,"Digital Realty Trust, Inc. (DLR)",Main,Completed,Added,2022-05-07 15:33:59.405285
181,DLTR,"Dollar Tree, Inc. (DLTR)",Main,Completed,Added,2022-05-07 15:34:15.555593
182,DOV,Dover Corporation (DOV),Function leverage(),Warning,issuanceOfStock not found,2022-05-07 15:34:32.639518
183,DOV,Dover Corporation (DOV),Main,Completed,Added,2022-05-07 15:34:32.645355
184,DOW,Dow Inc. (DOW),Main,Completed,Added,2022-05-07 15:34:49.731575
185,DPZ,"Domino's Pizza, Inc. (DPZ)",Main,Completed,Added,2022-05-07 15:35:07.577402
186,DRE,Duke Realty Corporation (DRE),Main,Completed,Added,2022-05-07 15:35:24.430396
187,DRI,"Darden Restaurants, Inc. (DRI)",Main,Completed,Added,2022-05-07 15:35:40.757820
188,DTE,DTE Energy Company (DTE),Main,Completed,Added,2022-05-07 15:35:57.341236
189,DUK,Duke Energy Corporation (DUK),Main,Completed,Added,2022-05-07 15:36:13.632591
190,DVA,DaVita Inc. (DVA),Main,Completed,Added,2022-05-07 15:36:29.388633
191,DVN,Devon Energy Corporation (DVN),Function leverage(),Warning,issuanceOfStock not found,2022-05-07 15:36:46.124746
192,DVN,Devon Energy Corporation (DVN),Main,Completed,Added,2022-05-07 15:36:46.129984
193,DXC,DXC Technology Company (DXC),Main,Completed,Added,2022-05-07 15:37:03.590851
194,DXCM,"DexCom, Inc. (DXCM)",Main,Completed,Added,2022-05-07 15:37:20.281835
195,EA,Electronic Arts Inc. (EA),Main,Completed,Added,2022-05-07 15:37:36.494591
196,EBAY,eBay Inc. (EBAY),Main,Completed,Added,2022-05-07 15:37:54.026673
197,ECL,Ecolab Inc. (ECL),Main,Completed,Added,2022-05-07 15:38:11.236484
198,ED,"Consolidated Edison, Inc. (ED)",Main,Completed,Added,2022-05-07 15:38:27.900850
199,EFX,Equifax Inc. (EFX),Main,Completed,Added,2022-05-07 15:38:44.667102
200,EIX,Edison International (EIX),Main,Completed,Added,2022-05-07 15:39:01.626145
201,EL,The Estée Lauder Companies Inc. (EL),Main,Completed,Added,2022-05-07 15:39:18.489324
202,EMN,Eastman Chemical Company (EMN),Main,Completed,Added,2022-05-07 15:39:35.271874
203,EMR,Emerson Electric Co. (EMR),Function leverage(),Warning,issuanceOfStock not found,2022-05-07 15:39:51.735827
204,EMR,Emerson Electric Co. (EMR),Main,Completed,Added,2022-05-07 15:39:51.741824
205,ENPH,"Enphase Energy, Inc. (ENPH)",Main,Completed,Added,2022-05-07 15:40:08.324067
206,EOG,"EOG Resources, Inc. (EOG)",Main,Completed,Added,2022-05-07 15:40:24.310530
207,EPAM,"EPAM Systems, Inc. (EPAM)",Main,Completed,Added,2022-05-07 15:40:41.137730
208,EQIX,"Equinix, Inc. (EQIX)",Main,Completed,Added,2022-05-07 15:40:57.875339
209,EQR,Equity Residential (EQR),Main,Completed,Added,2022-05-07 15:41:14.049507
210,ES,Eversource Energy (ES),Main,Completed,Added,2022-05-07 15:41:30.352141
211,ESS,"Essex Property Trust, Inc. (ESS)",Main,Completed,Added,2022-05-07 15:41:46.438008
212,ETN,Eaton Corporation plc (ETN),Main,Completed,Added,2022-05-07 15:42:03.064111
213,ETR,Entergy Corporation (ETR),Main,Completed,Added,2022-05-07 15:42:19.789988
214,ETSY,"Etsy, Inc. (ETSY)",Main,Completed,Added,2022-05-07 15:42:36.304120
215,EVRG,"Evergy, Inc. (EVRG)",Main,Completed,Added,2022-05-07 15:42:53.450140
216,EW,,Function get_data(),Error,"HTTPSConnectionPool(host='finance.yahoo.com', port=443): Max retries exceeded with url: /quote/EW/financials?p=EW (Caused by SSLError(SSLError(1, '[SSL: WRONG_VERSION_NUMBER] wrong version number (_ssl.c:1125)')))",2022-05-07 15:43:01.025723
217,EW,,Function get_data(),Error,"HTTPSConnectionPool(host='finance.yahoo.com', port=443): Max retries exceeded with url: /quote/EW/balance-sheet?p=EW (Caused by SSLError(SSLError(1, '[SSL: WRONG_VERSION_NUMBER] wrong version number (_ssl.c:1125)')))",2022-05-07 15:43:21.114531
218,EW,Edwards Lifesciences Corporation (EW),Main,Completed,Added,2022-05-07 15:43:53.506231
219,EXC,Exelon Corporation (EXC),Main,Completed,Added,2022-05-07 15:44:10.316781
220,EXPD,"Expeditors International of Washington, Inc. (EXPD)",Function leverage(),Warning,longTermDebt not found,2022-05-07 15:44:27.180645
221,EXPD,"Expeditors International of Washington, Inc. (EXPD)",Main,Completed,Added,2022-05-07 15:44:27.186628
222,EXPE,"Expedia Group, Inc. (EXPE)",Main,Completed,Added,2022-05-07 15:44:43.928893
223,EXR,Extra Space Storage Inc. (EXR),Main,Completed,Added,2022-05-07 15:45:00.541839
224,F,Ford Motor Company (F),Function leverage(),Warning,issuanceOfStock not found,2022-05-07 15:45:17.488951
225,F,Ford Motor Company (F),Main,Completed,Added,2022-05-07 15:45:17.494754
226,FANG,"Diamondback Energy, Inc. (FANG)",Function leverage(),Warning,issuanceOfStock not found,2022-05-07 15:45:34.132126
227,FANG,"Diamondback Energy, Inc. (FANG)",Main,Completed,Added,2022-05-07 15:45:34.139151
228,FAST,Fastenal Company (FAST),Main,Completed,Added,2022-05-07 15:45:51.091057
229,FB,"Meta Platforms, Inc. (FB)",Function leverage(),Warning,longTermDebt not found,2022-05-07 15:46:07.106137
230,FB,"Meta Platforms, Inc. (FB)",Function leverage(),Warning,issuanceOfStock not found,2022-05-07 15:46:07.108474
231,FB,"Meta Platforms, Inc. (FB)",Main,Completed,Added,2022-05-07 15:46:07.114120
232,FBHS,"Fortune Brands Home & Security, Inc. (FBHS)",Main,Completed,Added,2022-05-07 15:46:23.717391
233,FCX,Freeport-McMoRan Inc. (FCX),Main,Completed,Added,2022-05-07 15:46:40.278165
234,FDS,,Function get_data(),Error,'NoneType' object is not subscriptable,2022-05-07 15:46:51.519728
235,FDX,FedEx Corporation (FDX),Main,Completed,Added,2022-05-07 15:47:04.774119
236,FE,FirstEnergy Corp. (FE),Main,Completed,Added,2022-05-07 15:47:21.635615
237,FFIV,"F5, Inc. (FFIV)",Main,Completed,Added,2022-05-07 15:47:38.134047
238,FIS,"Fidelity National Information Services, Inc. (FIS)",Main,Completed,Added,2022-05-07 15:47:55.749694
239,FISV,"Fiserv, Inc. (FISV)",Main,Completed,Added,2022-05-07 15:48:12.260422
240,FITB,Fifth Third Bancorp (FITB),Function leverage(),Warning,issuanceOfStock not found,2022-05-07 15:48:29.681691
241,FITB,Fifth Third Bancorp (FITB),Main,Completed,Added,2022-05-07 15:48:29.687511
242,FLT,"FLEETCOR Technologies, Inc. (FLT)",Main,Completed,Added,2022-05-07 15:48:46.702813
243,FMC,FMC Corporation (FMC),Main,Completed,Added,2022-05-07 15:49:03.579356
244,FOX,Fox Corporation (FOX),Function leverage(),Warning,issuanceOfStock not found,2022-05-07 15:49:20.294687
245,FOX,Fox Corporation (FOX),Main,Completed,Added,2022-05-07 15:49:20.300667
246,FOXA,Fox Corporation (FOXA),Function leverage(),Warning,issuanceOfStock not found,2022-05-07 15:49:36.661942
247,FOXA,Fox Corporation (FOXA),Main,Completed,Added,2022-05-07 15:49:36.667926
248,FRC,First Republic Bank (FRC),Main,Completed,Added,2022-05-07 15:49:53.240141
249,FRT,Federal Realty Investment Trust (FRT),Main,Completed,Added,2022-05-07 15:50:10.079807
250,FTNT,"Fortinet, Inc. (FTNT)",Function leverage(),Warning,longTermDebt not found,2022-05-07 15:50:26.625440
251,FTNT,"Fortinet, Inc. (FTNT)",Main,Completed,Added,2022-05-07 15:50:26.631430
252,FTV,Fortive Corporation (FTV),Function leverage(),Warning,issuanceOfStock not found,2022-05-07 15:50:43.421878
253,FTV,Fortive Corporation (FTV),Main,Completed,Added,2022-05-07 15:50:43.427858
254,GD,General Dynamics Corporation (GD),Function leverage(),Warning,issuanceOfStock not found,2022-05-07 15:50:59.999628
255,GD,General Dynamics Corporation (GD),Main,Completed,Added,2022-05-07 15:51:00.006567
256,GE,General Electric Company (GE),Function leverage(),Warning,issuanceOfStock not found,2022-05-07 15:51:16.958373
257,GE,General Electric Company (GE),Main,Completed,Added,2022-05-07 15:51:16.964355
258,GILD,"Gilead Sciences, Inc. (GILD)",Main,Completed,Added,2022-05-07 15:51:33.680743
259,GIS,"General Mills, Inc. (GIS)",Main,Completed,Added,2022-05-07 15:51:50.248128
260,GL,#Missing,Main,Completed,Added,2022-05-07 15:52:06.414918
261,GLW,Corning Incorporated (GLW),Main,Completed,Added,2022-05-07 15:52:22.703215
262,GM,General Motors Company (GM),Function leverage(),Warning,issuanceOfStock not found,2022-05-07 15:52:39.626282
263,GM,General Motors Company (GM),Main,Completed,Added,2022-05-07 15:52:39.633033
264,GNRC,Generac Holdings Inc. (GNRC),Main,Completed,Added,2022-05-07 15:52:56.441014
265,GOOG,Alphabet Inc. (GOOG),Function leverage(),Warning,issuanceOfStock not found,2022-05-07 15:53:12.529066
266,GOOG,Alphabet Inc. (GOOG),Main,Completed,Added,2022-05-07 15:53:12.537846
267,GOOGL,Alphabet Inc. (GOOGL),Function leverage(),Warning,issuanceOfStock not found,2022-05-07 15:53:28.283780
268,GOOGL,Alphabet Inc. (GOOGL),Main,Completed,Added,2022-05-07 15:53:28.291011
269,GPC,,Function get_data(),Error,'NoneType' object is not subscriptable,2022-05-07 15:53:39.664511
270,GPN,Global Payments Inc. (GPN),Main,Completed,Added,2022-05-07 15:53:52.083149
271,GRMN,Garmin Ltd. (GRMN),Function leverage(),Warning,longTermDebt not found,2022-05-07 15:54:08.636330
272,GRMN,Garmin Ltd. (GRMN),Main,Completed,Added,2022-05-07 15:54:08.642308
273,GS,"The Goldman Sachs Group, Inc. (GS)",Main,Completed,Added,2022-05-07 15:54:24.990781
274,GWW,"W.W. Grainger, Inc. (GWW)",Main,Completed,Added,2022-05-07 15:54:41.613722
275,HAL,Halliburton Company (HAL),Main,Completed,Added,2022-05-07 15:54:58.005905
276,HAS,"Hasbro, Inc. (HAS)",Main,Completed,Added,2022-05-07 15:55:14.787407
277,HBAN,Huntington Bancshares Incorporated (HBAN),Function leverage(),Warning,issuanceOfStock not found,2022-05-07 15:55:31.782473
278,HBAN,Huntington Bancshares Incorporated (HBAN),Main,Completed,Added,2022-05-07 15:55:31.788414
279,HCA,"HCA Healthcare, Inc. (HCA)",Function leverage(),Warning,issuanceOfStock not found,2022-05-07 15:55:47.381173
280,HCA,"HCA Healthcare, Inc. (HCA)",Main,Completed,Added,2022-05-07 15:55:47.387175
281,HD,"The Home Depot, Inc. (HD)",Main,Completed,Added,2022-05-07 15:56:03.913470
282,HES,Hess Corporation (HES),Main,Completed,Added,2022-05-07 15:56:20.438792
283,HIG,"The Hartford Financial Services Group, Inc. (HIG)",Main,Completed,Added,2022-05-07 15:56:37.215314
284,HII,"Huntington Ingalls Industries, Inc. (HII)",Function leverage(),Warning,issuanceOfStock not found,2022-05-07 15:56:53.528591
285,HII,"Huntington Ingalls Industries, Inc. (HII)",Main,Completed,Added,2022-05-07 15:56:53.535759
286,HLT,Hilton Worldwide Holdings Inc. (HLT),Function leverage(),Warning,issuanceOfStock not found,2022-05-07 15:57:09.916357
287,HLT,Hilton Worldwide Holdings Inc. (HLT),Main,Completed,Added,2022-05-07 15:57:09.922324
288,HOLX,"Hologic, Inc. (HOLX)",Main,Completed,Added,2022-05-07 15:57:26.898012
289,HON,Honeywell International Inc. (HON),Main,Completed,Added,2022-05-07 15:57:43.591206
290,HPE,Hewlett Packard Enterprise Company (HPE),Main,Completed,Added,2022-05-07 15:57:59.286535
291,HPQ,HP Inc. (HPQ),Main,Completed,Added,2022-05-07 15:58:15.771632
292,HRL,,Function get_data(),Error,"HTTPSConnectionPool(host='finance.yahoo.com', port=443): Max retries exceeded with url: /quote/HRL/cash-flow?p=HRL (Caused by SSLError(SSLError(1, '[SSL: WRONG_VERSION_NUMBER] wrong version number (_ssl.c:1125)')))",2022-05-07 15:58:27.446861
293,HRL,,Function get_data(),Error,"HTTPSConnectionPool(host='finance.yahoo.com', port=443): Max retries exceeded with url: /quote/HRL/balance-sheet?p=HRL (Caused by SSLError(SSLError(1, '[SSL: WRONG_VERSION_NUMBER] wrong version number (_ssl.c:1125)')))",2022-05-07 15:58:47.513974
294,HRL,Hormel Foods Corporation (HRL),Main,Completed,Added,2022-05-07 15:59:20.305669
295,HSIC,"Henry Schein, Inc. (HSIC)",Main,Completed,Added,2022-05-07 15:59:37.621299
296,HST,"Host Hotels & Resorts, Inc. (HST)",Function leverage(),Warning,issuanceOfStock not found,2022-05-07 15:59:54.065390
297,HST,"Host Hotels & Resorts, Inc. (HST)",Main,Completed,Added,2022-05-07 15:59:54.071373
298,HSY,The Hershey Company (HSY),Main,Completed,Added,2022-05-07 16:00:10.950235
299,HUM,Humana Inc. (HUM),Main,Completed,Added,2022-05-07 16:00:27.379608
300,HWM,Howmet Aerospace Inc. (HWM),Main,Completed,Added,2022-05-07 16:00:43.943995
301,IBM,International Business Machines Corporation (IBM),Function leverage(),Warning,issuanceOfStock not found,2022-05-07 16:01:00.266707
302,IBM,International Business Machines Corporation (IBM),Main,Completed,Added,2022-05-07 16:01:00.272822
303,ICE,"Intercontinental Exchange, Inc. (ICE)",Function leverage(),Warning,issuanceOfStock not found,2022-05-07 16:01:16.985747
304,ICE,"Intercontinental Exchange, Inc. (ICE)",Main,Completed,Added,2022-05-07 16:01:16.991736
305,IDXX,"IDEXX Laboratories, Inc. (IDXX)",Main,Completed,Added,2022-05-07 16:01:33.852416
306,IEX,#Missing,Main,Completed,Added,2022-05-07 16:01:50.226386
307,IFF,International Flavors & Fragrances Inc. (IFF),Main,Completed,Added,2022-05-07 16:02:07.315412
308,ILMN,"Illumina, Inc. (ILMN)",Main,Completed,Added,2022-05-07 16:02:24.622610
309,INCY,Incyte Corporation (INCY),Main,Completed,Added,2022-05-07 16:02:41.264736
310,INTC,Intel Corporation (INTC),Main,Completed,Added,2022-05-07 16:02:57.197354
311,INTU,Intuit Inc. (INTU),Main,Completed,Added,2022-05-07 16:03:14.317089
312,IP,International Paper Company (IP),Function leverage(),Warning,issuanceOfStock not found,2022-05-07 16:03:30.834228
313,IP,International Paper Company (IP),Main,Completed,Added,2022-05-07 16:03:30.840218
314,IPG,"The Interpublic Group of Companies, Inc. (IPG)",Main,Completed,Added,2022-05-07 16:03:47.971474
315,IPGP,IPG Photonics Corporation (IPGP),Main,Completed,Added,2022-05-07 16:04:05.539641
316,IQV,IQVIA Holdings Inc. (IQV),Main,Completed,Added,2022-05-07 16:04:22.183366
317,IR,Ingersoll Rand Inc. (IR),Main,Completed,Added,2022-05-07 16:04:40.124419
318,IRM,Iron Mountain Incorporated (IRM),Main,Completed,Added,2022-05-07 16:04:56.531085
319,ISRG,"Intuitive Surgical, Inc. (ISRG)",Function leverage(),Warning,longTermDebt not found,2022-05-07 16:05:12.929086
320,ISRG,"Intuitive Surgical, Inc. (ISRG)",Main,Completed,Added,2022-05-07 16:05:12.935068
321,IT,"Gartner, Inc. (IT)",Main,Completed,Added,2022-05-07 16:05:29.682638
322,ITW,Illinois Tool Works Inc. (ITW),Main,Completed,Added,2022-05-07 16:05:46.667050
323,IVZ,Invesco Ltd. (IVZ),Function leverage(),Warning,issuanceOfStock not found,2022-05-07 16:06:02.929121
324,IVZ,Invesco Ltd. (IVZ),Main,Completed,Added,2022-05-07 16:06:02.935167
325,J,Jacobs Engineering Group Inc. (J),Main,Completed,Added,2022-05-07 16:06:20.101937
326,JBHT,"J.B. Hunt Transport Services, Inc. (JBHT)",Function leverage(),Warning,issuanceOfStock not found,2022-05-07 16:06:36.762964
327,JBHT,"J.B. Hunt Transport Services, Inc. (JBHT)",Main,Completed,Added,2022-05-07 16:06:36.769269
328,JCI,Johnson Controls International plc (JCI),Main,Completed,Added,2022-05-07 16:06:52.837858
329,JKHY,"Jack Henry & Associates, Inc. (JKHY)",Main,Completed,Added,2022-05-07 16:07:09.282070
330,JNJ,Johnson & Johnson (JNJ),Main,Completed,Added,2022-05-07 16:07:25.638602
331,JNPR,"Juniper Networks, Inc. (JNPR)",Main,Completed,Added,2022-05-07 16:07:42.243767
332,JPM,JPMorgan Chase & Co. (JPM),Function leverage(),Warning,issuanceOfStock not found,2022-05-07 16:07:58.894944
333,JPM,JPMorgan Chase & Co. (JPM),Main,Completed,Added,2022-05-07 16:07:58.902839
334,K,Kellogg Company (K),Main,Completed,Added,2022-05-07 16:08:15.228628
335,KEY,KeyCorp (KEY),Main,Completed,Added,2022-05-07 16:08:31.350716
336,KEYS,"Keysight Technologies, Inc. (KEYS)",Main,Completed,Added,2022-05-07 16:08:47.926824
337,KHC,The Kraft Heinz Company (KHC),Function leverage(),Warning,issuanceOfStock not found,2022-05-07 16:09:04.388847
338,KHC,The Kraft Heinz Company (KHC),Main,Completed,Added,2022-05-07 16:09:04.395830
339,KIM,Kimco Realty Corporation (KIM),Main,Completed,Added,2022-05-07 16:09:20.879715
340,KLAC,KLA Corporation (KLAC),Main,Completed,Added,2022-05-07 16:09:37.205865
341,KMB,Kimberly-Clark Corporation (KMB),Main,Completed,Added,2022-05-07 16:09:54.208455
342,KMI,"Kinder Morgan, Inc. (KMI)",Main,Completed,Added,2022-05-07 16:10:11.016194
343,KMX,"CarMax, Inc. (KMX)",Main,Completed,Added,2022-05-07 16:10:27.723062
344,KO,The Coca-Cola Company (KO),Main,Completed,Added,2022-05-07 16:10:43.407298
345,KR,The Kroger Co. (KR),Main,Completed,Added,2022-05-07 16:11:00.446897
346,L,Loews Corporation (L),Function leverage(),Warning,issuanceOfStock not found,2022-05-07 16:11:16.841968
347,L,Loews Corporation (L),Main,Completed,Added,2022-05-07 16:11:16.847986
348,LDOS,"Leidos Holdings, Inc. (LDOS)",Function profitability(),Error,Fiscal Year 2019 not found in financial statements,2022-05-07 16:11:33.696459
349,LEN,Lennar Corporation (LEN),Main,Completed,Added,2022-05-07 16:11:46.363555
350,LH,Laboratory Corporation of America Holdings (LH),Main,Completed,Added,2022-05-07 16:12:03.382634
351,LHX,"L3Harris Technologies, Inc. (LHX)",Main,Completed,Added,2022-05-07 16:12:20.071413
352,LIN,Linde plc (LIN),Main,Completed,Added,2022-05-07 16:12:36.797738
353,LKQ,LKQ Corporation (LKQ),Function leverage(),Warning,issuanceOfStock not found,2022-05-07 16:12:53.415450
354,LKQ,LKQ Corporation (LKQ),Main,Completed,Added,2022-05-07 16:12:53.421277
355,LLY,Eli Lilly and Company (LLY),Function leverage(),Warning,issuanceOfStock not found,2022-05-07 16:13:10.157797
356,LLY,Eli Lilly and Company (LLY),Main,Completed,Added,2022-05-07 16:13:10.162784
357,LMT,Lockheed Martin Corporation (LMT),Function leverage(),Warning,issuanceOfStock not found,2022-05-07 16:13:26.565154
358,LMT,Lockheed Martin Corporation (LMT),Main,Completed,Added,2022-05-07 16:13:26.571136
359,LNC,Lincoln National Corporation (LNC),Main,Completed,Added,2022-05-07 16:13:43.077377
360,LNT,,Function get_data(),Error,"HTTPSConnectionPool(host='finance.yahoo.com', port=443): Max retries exceeded with url: /quote/LNT/cash-flow?p=LNT (Caused by SSLError(SSLError(1, '[SSL: WRONG_VERSION_NUMBER] wrong version number (_ssl.c:1125)')))",2022-05-07 16:13:54.319195
361,LNT,,Function get_data(),Error,"HTTPSConnectionPool(host='finance.yahoo.com', port=443): Max retries exceeded with url: /quote/LNT/balance-sheet?p=LNT (Caused by SSLError(SSLError(1, '[SSL: WRONG_VERSION_NUMBER] wrong version number (_ssl.c:1125)')))",2022-05-07 16:14:14.475020
362,LNT,,Function get_data(),Error,"HTTPSConnectionPool(host='finance.yahoo.com', port=443): Max retries exceeded with url: /quote/LNT/balance-sheet?p=LNT (Caused by SSLError(SSLError(1, '[SSL: WRONG_VERSION_NUMBER] wrong version number (_ssl.c:1125)')))",2022-05-07 16:14:34.620655
363,LNT,Alliant Energy Corporation (LNT),Main,Completed,Added,2022-05-07 16:15:07.867001
364,LOW,"Lowe's Companies, Inc. (LOW)",Main,Completed,Added,2022-05-07 16:15:25.723924
365,LRCX,Lam Research Corporation (LRCX),Main,Completed,Added,2022-05-07 16:15:42.023842
366,LUMN,"Lumen Technologies, Inc. (LUMN)",Function leverage(),Warning,issuanceOfStock not found,2022-05-07 16:15:59.445561
367,LUMN,"Lumen Technologies, Inc. (LUMN)",Main,Completed,Added,2022-05-07 16:15:59.451544
368,LUV,Southwest Airlines Co. (LUV),Main,Completed,Added,2022-05-07 16:16:15.928282
369,LVS,Las Vegas Sands Corp. (LVS),Main,Completed,Added,2022-05-07 16:16:33.008027
370,LW,"Lamb Weston Holdings, Inc. (LW)",Function leverage(),Warning,issuanceOfStock not found,2022-05-07 16:16:49.047184
371,LW,"Lamb Weston Holdings, Inc. (LW)",Main,Completed,Added,2022-05-07 16:16:49.053169
372,LYB,LyondellBasell Industries N.V. (LYB),Function leverage(),Warning,issuanceOfStock not found,2022-05-07 16:17:05.509565
373,LYB,LyondellBasell Industries N.V. (LYB),Main,Completed,Added,2022-05-07 16:17:05.516775
374,LYV,"Live Nation Entertainment, Inc. (LYV)",Main,Completed,Added,2022-05-07 16:17:22.037422
375,MA,Mastercard Incorporated (MA),Main,Completed,Added,2022-05-07 16:17:38.563018
376,MAA,"Mid-America Apartment Communities, Inc. (MAA)",Function leverage(),Warning,issuanceOfStock not found,2022-05-07 16:17:54.842113
377,MAA,"Mid-America Apartment Communities, Inc. (MAA)",Main,Completed,Added,2022-05-07 16:17:54.849098
378,MAR,"Marriott International, Inc. (MAR)",Main,Completed,Added,2022-05-07 16:18:11.342426
379,MAS,Masco Corporation (MAS),Main,Completed,Added,2022-05-07 16:18:28.385017
380,MCD,McDonald's Corporation (MCD),Main,Completed,Added,2022-05-07 16:18:45.127140
381,MCHP,Microchip Technology Incorporated (MCHP),Main,Completed,Added,2022-05-07 16:19:01.920975
382,MCK,McKesson Corporation (MCK),Main,Completed,Added,2022-05-07 16:19:17.707396
383,MCO,Moody's Corporation (MCO),Main,Completed,Added,2022-05-07 16:19:34.143858
384,MDLZ,"Mondelez International, Inc. (MDLZ)",Function leverage(),Warning,issuanceOfStock not found,2022-05-07 16:19:50.631917
385,MDLZ,"Mondelez International, Inc. (MDLZ)",Main,Completed,Added,2022-05-07 16:19:50.637791
386,MDT,Medtronic plc (MDT),Main,Completed,Added,2022-05-07 16:20:07.707975
387,MET,"MetLife, Inc. (MET)",Function leverage(),Warning,issuanceOfStock not found,2022-05-07 16:20:24.061885
388,MET,"MetLife, Inc. (MET)",Main,Completed,Added,2022-05-07 16:20:24.067876
389,MGM,MGM Resorts International (MGM),Function leverage(),Warning,issuanceOfStock not found,2022-05-07 16:20:41.143032
390,MGM,MGM Resorts International (MGM),Main,Completed,Added,2022-05-07 16:20:41.150013
391,MHK,"Mohawk Industries, Inc. (MHK)",Main,Completed,Added,2022-05-07 16:20:57.589625
392,MKC,"McCormick & Company, Incorporated (MKC)",Main,Completed,Added,2022-05-07 16:21:13.762796
393,MKTX,MarketAxess Holdings Inc. (MKTX),Function leverage(),Warning,longTermDebt not found,2022-05-07 16:21:30.741388
394,MKTX,MarketAxess Holdings Inc. (MKTX),Main,Completed,Added,2022-05-07 16:21:30.747586
395,MLM,"Martin Marietta Materials, Inc. (MLM)",Main,Completed,Added,2022-05-07 16:21:47.482048
396,MMC,"Marsh & McLennan Companies, Inc. (MMC)",Main,Completed,Added,2022-05-07 16:22:04.433231
397,MMM,3M Company (MMM),Main,Completed,Added,2022-05-07 16:22:20.970504
398,MNST,Monster Beverage Corporation (MNST),Function leverage(),Warning,longTermDebt not found,2022-05-07 16:22:37.568378
399,MNST,Monster Beverage Corporation (MNST),Main,Completed,Added,2022-05-07 16:22:37.575361
400,MO,"Altria Group, Inc. (MO)",Function leverage(),Warning,issuanceOfStock not found,2022-05-07 16:22:54.207675
401,MO,"Altria Group, Inc. (MO)",Main,Completed,Added,2022-05-07 16:22:54.214651
402,MOH,"Molina Healthcare, Inc. (MOH)",Main,Completed,Added,2022-05-07 16:23:11.177665
403,MOS,The Mosaic Company (MOS),Function leverage(),Warning,issuanceOfStock not found,2022-05-07 16:23:27.233005
404,MOS,The Mosaic Company (MOS),Main,Completed,Added,2022-05-07 16:23:27.240823
405,MPC,Marathon Petroleum Corporation (MPC),Main,Completed,Added,2022-05-07 16:23:44.314230
406,MPWR,"Monolithic Power Systems, Inc. (MPWR)",Function leverage(),Warning,longTermDebt not found,2022-05-07 16:24:00.804699
407,MPWR,"Monolithic Power Systems, Inc. (MPWR)",Main,Completed,Added,2022-05-07 16:24:00.811989
408,MRK,"Merck & Co., Inc. (MRK)",Main,Completed,Added,2022-05-07 16:24:17.674712
409,MRNA,"Moderna, Inc. (MRNA)",Main,Completed,Added,2022-05-07 16:24:34.153253
410,MRO,Marathon Oil Corporation (MRO),Function leverage(),Warning,issuanceOfStock not found,2022-05-07 16:24:51.102647
411,MRO,Marathon Oil Corporation (MRO),Main,Completed,Added,2022-05-07 16:24:51.108505
412,MS,Morgan Stanley (MS),Function leverage(),Warning,issuanceOfStock not found,2022-05-07 16:25:08.292465
413,MS,Morgan Stanley (MS),Main,Completed,Added,2022-05-07 16:25:08.298450
414,MSCI,MSCI Inc. (MSCI),Main,Completed,Added,2022-05-07 16:25:25.618420
415,MSFT,Microsoft Corporation (MSFT),Main,Completed,Added,2022-05-07 16:25:43.562417
416,MSI,"Motorola Solutions, Inc. (MSI)",Main,Completed,Added,2022-05-07 16:26:01.187990
417,MTB,M&T Bank Corporation (MTB),Function leverage(),Warning,issuanceOfStock not found,2022-05-07 16:26:18.508380
418,MTB,M&T Bank Corporation (MTB),Main,Completed,Added,2022-05-07 16:26:18.514364
419,MTCH,"Match Group, Inc. (MTCH)",Main,Completed,Added,2022-05-07 16:26:35.688174
420,MTD,Mettler-Toledo International Inc. (MTD),Main,Completed,Added,2022-05-07 16:26:52.487107
421,MU,"Micron Technology, Inc. (MU)",Main,Completed,Added,2022-05-07 16:27:09.199584
422,NCLH,Norwegian Cruise Line Holdings Ltd. (NCLH),Main,Completed,Added,2022-05-07 16:27:25.715402
423,NDAQ,"Nasdaq, Inc. (NDAQ)",Main,Completed,Added,2022-05-07 16:27:42.209360
424,NDSN,#Missing,Main,Completed,Added,2022-05-07 16:27:58.058871
425,NEE,"NextEra Energy, Inc. (NEE)",Main,Completed,Added,2022-05-07 16:28:14.621579
426,NEM,Newmont Corporation (NEM),Main,Completed,Added,2022-05-07 16:28:31.447472
427,NFLX,"Netflix, Inc. (NFLX)",Main,Completed,Added,2022-05-07 16:28:48.465361
428,NI,NiSource Inc. (NI),Main,Completed,Added,2022-05-07 16:29:05.115737
429,NKE,"NIKE, Inc. (NKE)",Main,Completed,Added,2022-05-07 16:29:21.683572
430,NLOK,NortonLifeLock Inc. (NLOK),Main,Completed,Added,2022-05-07 16:29:38.386532
431,NLSN,,Function get_info(),Error,"HTTPSConnectionPool(host='finance.yahoo.com', port=443): Max retries exceeded with url: /quote/NLSN (Caused by SSLError(SSLError(1, '[SSL: WRONG_VERSION_NUMBER] wrong version number (_ssl.c:1125)')))",2022-05-07 16:29:53.286119
432,NLSN,Nielsen Holdings plc (NLSN),Main,Completed,Added,2022-05-07 16:30:25.830396
433,NOC,Northrop Grumman Corporation (NOC),Function leverage(),Warning,issuanceOfStock not found,2022-05-07 16:30:42.462848
434,NOC,Northrop Grumman Corporation (NOC),Main,Completed,Added,2022-05-07 16:30:42.468835
435,NOW,"ServiceNow, Inc. (NOW)",Main,Completed,Added,2022-05-07 16:30:59.170480
436,NRG,"NRG Energy, Inc. (NRG)",Main,Completed,Added,2022-05-07 16:31:15.533779
437,NSC,Norfolk Southern Corporation (NSC),Main,Completed,Added,2022-05-07 16:31:32.439098
438,NTAP,"NetApp, Inc. (NTAP)",Main,Completed,Added,2022-05-07 16:31:49.025434
439,NTRS,Northern Trust Corporation (NTRS),Main,Completed,Added,2022-05-07 16:32:05.589012
440,NUE,Nucor Corporation (NUE),Main,Completed,Added,2022-05-07 16:32:22.024884
441,NVDA,NVIDIA Corporation (NVDA),Main,Completed,Added,2022-05-07 16:32:38.055226
442,NVR,"NVR, Inc. (NVR)",Main,Completed,Added,2022-05-07 16:32:54.981865
443,NWL,Newell Brands Inc. (NWL),Main,Completed,Added,2022-05-07 16:33:11.922349
444,NWS,News Corporation (NWS),Function leverage(),Warning,issuanceOfStock not found,2022-05-07 16:33:28.790569
445,NWS,News Corporation (NWS),Main,Completed,Added,2022-05-07 16:33:28.797852
446,NWSA,News Corporation (NWSA),Function leverage(),Warning,issuanceOfStock not found,2022-05-07 16:33:45.231964
447,NWSA,News Corporation (NWSA),Main,Completed,Added,2022-05-07 16:33:45.237969
448,NXPI,NXP Semiconductors N.V. (NXPI),Main,Completed,Added,2022-05-07 16:34:02.069056
449,O,Realty Income Corporation (O),Main,Completed,Added,2022-05-07 16:34:18.832753
450,ODFL,"Old Dominion Freight Line, Inc. (ODFL)",Function leverage(),Warning,issuanceOfStock not found,2022-05-07 16:34:35.231933
451,ODFL,"Old Dominion Freight Line, Inc. (ODFL)",Main,Completed,Added,2022-05-07 16:34:35.237913
452,OGN,Organon & Co. (OGN),Function leverage(),Warning,issuanceOfStock not found,2022-05-07 16:34:51.867428
453,OGN,Organon & Co. (OGN),Main,Completed,Added,2022-05-07 16:34:51.873457
454,OKE,"ONEOK, Inc. (OKE)",Main,Completed,Added,2022-05-07 16:35:08.475189
455,OMC,Omnicom Group Inc. (OMC),Main,Completed,Added,2022-05-07 16:35:24.800676
456,ORCL,Oracle Corporation (ORCL),Main,Completed,Added,2022-05-07 16:35:41.513619
457,ORLY,"O'Reilly Automotive, Inc. (ORLY)",Main,Completed,Added,2022-05-07 16:35:57.985898
458,OTIS,Otis Worldwide Corporation (OTIS),Function leverage(),Warning,issuanceOfStock not found,2022-05-07 16:36:14.639044
459,OTIS,Otis Worldwide Corporation (OTIS),Main,Completed,Added,2022-05-07 16:36:14.645326
460,OXY,Occidental Petroleum Corporation (OXY),Main,Completed,Added,2022-05-07 16:36:30.789270
461,PARA,Paramount Global (PARA),Function profitability(),Error,Fiscal Year 2019 not found in financial statements,2022-05-07 16:36:47.111065
462,PAYC,"Paycom Software, Inc. (PAYC)",Function leverage(),Warning,issuanceOfStock not found,2022-05-07 16:37:00.254130
463,PAYC,"Paycom Software, Inc. (PAYC)",Main,Completed,Added,2022-05-07 16:37:00.259120
464,PAYX,"Paychex, Inc. (PAYX)",Main,Completed,Added,2022-05-07 16:37:16.889800
465,PCAR,PACCAR Inc (PCAR),Function leverage(),Warning,longTermDebt not found,2022-05-07 16:37:33.833207
466,PCAR,PACCAR Inc (PCAR),Main,Completed,Added,2022-05-07 16:37:33.840179
467,PEAK,"Healthpeak Properties, Inc. (PEAK)",Main,Completed,Added,2022-05-07 16:37:50.491389
468,PEG,Public Service Enterprise Group Incorporated (PEG),Function leverage(),Warning,issuanceOfStock not found,2022-05-07 16:38:07.464089
469,PEG,Public Service Enterprise Group Incorporated (PEG),Main,Completed,Added,2022-05-07 16:38:07.470295
470,PENN,"Penn National Gaming, Inc. (PENN)",Main,Completed,Added,2022-05-07 16:38:23.999800
471,PEP,"PepsiCo, Inc. (PEP)",Main,Completed,Added,2022-05-07 16:38:40.561906
472,PFE,Pfizer Inc. (PFE),Main,Completed,Added,2022-05-07 16:38:57.431617
473,PFG,"Principal Financial Group, Inc. (PFG)",Main,Completed,Added,2022-05-07 16:39:14.128490
474,PG,The Procter & Gamble Company (PG),Main,Completed,Added,2022-05-07 16:39:30.550833
475,PGR,The Progressive Corporation (PGR),Main,Completed,Added,2022-05-07 16:39:46.557865
476,PH,Parker-Hannifin Corporation (PH),Main,Completed,Added,2022-05-07 16:40:03.202595
477,PHM,"PulteGroup, Inc. (PHM)",Main,Completed,Added,2022-05-07 16:40:19.212236
478,PKG,Packaging Corporation of America (PKG),Function leverage(),Warning,issuanceOfStock not found,2022-05-07 16:40:35.801792
479,PKG,Packaging Corporation of America (PKG),Main,Completed,Added,2022-05-07 16:40:35.807776
480,PKI,"PerkinElmer, Inc. (PKI)",Main,Completed,Added,2022-05-07 16:40:52.733622
481,PLD,"Prologis, Inc. (PLD)",Main,Completed,Added,2022-05-07 16:41:09.719999
482,PM,Philip Morris International Inc. (PM),Function leverage(),Warning,issuanceOfStock not found,2022-05-07 16:41:26.295704
483,PM,Philip Morris International Inc. (PM),Main,Completed,Added,2022-05-07 16:41:26.301958
484,PNC,"The PNC Financial Services Group, Inc. (PNC)",Main,Completed,Added,2022-05-07 16:41:42.978934
485,PNR,Pentair plc (PNR),Main,Completed,Added,2022-05-07 16:41:59.440161
486,PNW,Pinnacle West Capital Corporation (PNW),Main,Completed,Added,2022-05-07 16:42:16.213988
487,POOL,Pool Corporation (POOL),Main,Completed,Added,2022-05-07 16:42:32.517049
488,PPG,"PPG Industries, Inc. (PPG)",Main,Completed,Added,2022-05-07 16:42:49.386426
489,PPL,PPL Corporation (PPL),Main,Completed,Added,2022-05-07 16:43:05.750880
490,PRU,"Prudential Financial, Inc. (PRU)",Main,Completed,Added,2022-05-07 16:43:22.481332
491,PSA,Public Storage (PSA),Main,Completed,Added,2022-05-07 16:43:39.058395
492,PSX,Phillips 66 (PSX),Main,Completed,Added,2022-05-07 16:43:55.409808
493,PTC,PTC Inc. (PTC),Main,Completed,Added,2022-05-07 16:44:11.825618
494,PVH,PVH Corp. (PVH),Main,Completed,Added,2022-05-07 16:44:28.265494
495,PWR,,Function get_data(),Error,'NoneType' object is not subscriptable,2022-05-07 16:44:39.584909
496,PXD,Pioneer Natural Resources Company (PXD),Main,Completed,Added,2022-05-07 16:44:51.365283
497,PYPL,,Function get_data(),Error,"HTTPSConnectionPool(host='finance.yahoo.com', port=443): Max retries exceeded with url: /quote/PYPL/cash-flow?p=PYPL (Caused by SSLError(SSLError(1, '[SSL: WRONG_VERSION_NUMBER] wrong version number (_ssl.c:1125)')))",2022-05-07 16:45:02.664529
498,PYPL,,Function get_data(),Error,"HTTPSConnectionPool(host='finance.yahoo.com', port=443): Max retries exceeded with url: /quote/PYPL/balance-sheet?p=PYPL (Caused by SSLError(SSLError(1, '[SSL: WRONG_VERSION_NUMBER] wrong version number (_ssl.c:1125)')))",2022-05-07 16:45:22.826460
499,PYPL,,Function get_data(),Error,"HTTPSConnectionPool(host='finance.yahoo.com', port=443): Max retries exceeded with url: /quote/PYPL/balance-sheet?p=PYPL (Caused by SSLError(SSLError(1, '[SSL: WRONG_VERSION_NUMBER] wrong version number (_ssl.c:1125)')))",2022-05-07 16:45:43.457227
500,PYPL,,Function get_data(),Error,"HTTPSConnectionPool(host='finance.yahoo.com', port=443): Max retries exceeded with url: /quote/PYPL/balance-sheet?p=PYPL (Caused by SSLError(SSLError(1, '[SSL: WRONG_VERSION_NUMBER] wrong version number (_ssl.c:1125)')))",2022-05-07 16:46:03.519624
501,PYPL,,Function get_data(),Error,"HTTPSConnectionPool(host='finance.yahoo.com', port=443): Max retries exceeded with url: /quote/PYPL/balance-sheet?p=PYPL (Caused by SSLError(SSLError(1, '[SSL: WRONG_VERSION_NUMBER] wrong version number (_ssl.c:1125)')))",2022-05-07 16:46:23.648917
502,PYPL,"PayPal Holdings, Inc. (PYPL)",Main,Completed,Added,2022-05-07 16:46:57.002581
503,QCOM,QUALCOMM Incorporated (QCOM),Main,Completed,Added,2022-05-07 16:47:13.959770
504,QRVO,"Qorvo, Inc. (QRVO)",Main,Completed,Added,2022-05-07 16:47:30.358953
505,RCL,Royal Caribbean Cruises Ltd. (RCL),Main,Completed,Added,2022-05-07 16:47:47.197880
506,RE,"Everest Re Group, Ltd. (RE)",Function leverage(),Warning,issuanceOfStock not found,2022-05-07 16:48:03.828347
507,RE,"Everest Re Group, Ltd. (RE)",Main,Completed,Added,2022-05-07 16:48:03.834339
508,REG,#Missing,Main,Completed,Added,2022-05-07 16:48:19.993917
509,REGN,"Regeneron Pharmaceuticals, Inc. (REGN)",Main,Completed,Added,2022-05-07 16:48:37.226081
510,RF,Regions Financial Corporation (RF),Function leverage(),Warning,issuanceOfStock not found,2022-05-07 16:48:54.076737
511,RF,Regions Financial Corporation (RF),Main,Completed,Added,2022-05-07 16:48:54.082680
512,RHI,Robert Half International Inc. (RHI),Function leverage(),Warning,issuanceOfStock not found,2022-05-07 16:49:10.507198
513,RHI,Robert Half International Inc. (RHI),Main,Completed,Added,2022-05-07 16:49:10.513184
514,RJF,"Raymond James Financial, Inc. (RJF)",Main,Completed,Added,2022-05-07 16:49:26.841198
515,RL,Ralph Lauren Corporation (RL),Main,Completed,Added,2022-05-07 16:49:42.522649
516,RMD,ResMed Inc. (RMD),Main,Completed,Added,2022-05-07 16:49:59.585590
517,ROK,"Rockwell Automation, Inc. (ROK)",Main,Completed,Added,2022-05-07 16:50:16.095854
518,ROL,"Rollins, Inc. (ROL)",Function leverage(),Warning,issuanceOfStock not found,2022-05-07 16:50:33.140561
519,ROL,"Rollins, Inc. (ROL)",Main,Completed,Added,2022-05-07 16:50:33.146546
520,ROP,"Roper Technologies, Inc. (ROP)",Main,Completed,Added,2022-05-07 16:50:49.797964
521,ROST,"Ross Stores, Inc. (ROST)",Main,Completed,Added,2022-05-07 16:51:07.083793
522,RSG,"Republic Services, Inc. (RSG)",Main,Completed,Added,2022-05-07 16:51:23.581810
523,RTX,Raytheon Technologies Corporation (RTX),Main,Completed,Added,2022-05-07 16:51:39.840937
524,SBAC,SBA Communications Corporation (SBAC),Main,Completed,Added,2022-05-07 16:51:56.707715
525,SBNY,Signature Bank (SBNY),Function leverage(),Warning,issuanceOfStock not found,2022-05-07 16:52:13.463923
526,SBNY,Signature Bank (SBNY),Main,Completed,Added,2022-05-07 16:52:13.469945
527,SBUX,Starbucks Corporation (SBUX),Main,Completed,Added,2022-05-07 16:52:30.644216
528,SCHW,The Charles Schwab Corporation (SCHW),Main,Completed,Added,2022-05-07 16:52:47.731314
529,SEDG,"SolarEdge Technologies, Inc. (SEDG)",Main,Completed,Added,2022-05-07 16:53:07.103237
530,SEE,Sealed Air Corporation (SEE),Function leverage(),Warning,issuanceOfStock not found,2022-05-07 16:53:24.196510
531,SEE,Sealed Air Corporation (SEE),Main,Completed,Added,2022-05-07 16:53:24.202496
532,SHW,The Sherwin-Williams Company (SHW),Main,Completed,Added,2022-05-07 16:53:41.030331
533,SIVB,SVB Financial Group (SIVB),Main,Completed,Added,2022-05-07 16:53:57.864259
534,SJM,The J. M. Smucker Company (SJM),Main,Completed,Added,2022-05-07 16:54:14.065741
535,SLB,Schlumberger Limited (SLB),Main,Completed,Added,2022-05-07 16:54:30.662923
536,SNA,Snap-on Incorporated (SNA),Function leverage(),Warning,longTermDebt not found,2022-05-07 16:54:47.493824
537,SNA,Snap-on Incorporated (SNA),Main,Completed,Added,2022-05-07 16:54:47.499735
538,SNPS,"Synopsys, Inc. (SNPS)",Main,Completed,Added,2022-05-07 16:55:04.400006
539,SO,The Southern Company (SO),Main,Completed,Added,2022-05-07 16:55:21.355767
540,SPG,"Simon Property Group, Inc. (SPG)",Main,Completed,Added,2022-05-07 16:55:38.064488
541,SPGI,S&P Global Inc. (SPGI),Main,Completed,Added,2022-05-07 16:55:54.780403
542,SRE,Sempra (SRE),Main,Completed,Added,2022-05-07 16:56:11.492722
543,STE,STERIS plc (STE),Main,Completed,Added,2022-05-07 16:56:28.621297
544,STT,State Street Corporation (STT),Main,Completed,Added,2022-05-07 16:56:46.001382
545,STX,Seagate Technology Holdings plc (STX),Main,Completed,Added,2022-05-07 16:57:03.413391
546,STZ,"Constellation Brands, Inc. (STZ)",Main,Completed,Added,2022-05-07 16:57:20.996452
547,SWK,"Stanley Black & Decker, Inc. (SWK)",Main,Completed,Added,2022-05-07 16:57:37.609800
548,SWKS,"Skyworks Solutions, Inc. (SWKS)",Main,Completed,Added,2022-05-07 16:57:54.465510
549,SYF,Synchrony Financial (SYF),Function leverage(),Warning,issuanceOfStock not found,2022-05-07 16:58:10.438319
550,SYF,Synchrony Financial (SYF),Main,Completed,Added,2022-05-07 16:58:10.444305
551,SYK,Stryker Corporation (SYK),Function leverage(),Warning,issuanceOfStock not found,2022-05-07 16:58:27.137682
552,SYK,Stryker Corporation (SYK),Main,Completed,Added,2022-05-07 16:58:27.143812
553,SYY,Sysco Corporation (SYY),Main,Completed,Added,2022-05-07 16:58:43.567024
554,T,AT&T Inc. (T),Main,Completed,Added,2022-05-07 16:59:00.084240
555,TAP,Molson Coors Beverage Company (TAP),Main,Completed,Added,2022-05-07 16:59:16.657252
556,TDG,TransDigm Group Incorporated (TDG),Main,Completed,Added,2022-05-07 16:59:33.271396
557,TDY,Teledyne Technologies Incorporated (TDY),Main,Completed,Added,2022-05-07 16:59:49.873161
558,TECH,#Missing,Main,Completed,Added,2022-05-07 17:00:06.614308
559,TEL,TE Connectivity Ltd. (TEL),Main,Completed,Added,2022-05-07 17:00:22.917678
560,TER,"Teradyne, Inc. (TER)",Main,Completed,Added,2022-05-07 17:00:39.644489
561,TFC,Truist Financial Corporation (TFC),Function leverage(),Warning,issuanceOfStock not found,2022-05-07 17:00:56.806668
562,TFC,Truist Financial Corporation (TFC),Main,Completed,Added,2022-05-07 17:00:56.811655
563,TFX,Teleflex Incorporated (TFX),Main,Completed,Added,2022-05-07 17:01:14.472609
564,TGT,,Function get_data(),Error,"HTTPSConnectionPool(host='finance.yahoo.com', port=443): Max retries exceeded with url: /quote/TGT/cash-flow?p=TGT (Caused by SSLError(SSLError(1, '[SSL: WRONG_VERSION_NUMBER] wrong version number (_ssl.c:1125)')))",2022-05-07 17:01:26.670048
565,TGT,,Function get_data(),Error,"HTTPSConnectionPool(host='finance.yahoo.com', port=443): Max retries exceeded with url: /quote/TGT/balance-sheet?p=TGT (Caused by SSLError(SSLError(1, '[SSL: WRONG_VERSION_NUMBER] wrong version number (_ssl.c:1125)')))",2022-05-07 17:01:46.820380
566,TGT,,Function get_data(),Error,"HTTPSConnectionPool(host='finance.yahoo.com', port=443): Max retries exceeded with url: /quote/TGT/balance-sheet?p=TGT (Caused by SSLError(SSLError(1, '[SSL: WRONG_VERSION_NUMBER] wrong version number (_ssl.c:1125)')))",2022-05-07 17:02:06.947581
567,TGT,,Function get_data(),Error,"HTTPSConnectionPool(host='finance.yahoo.com', port=443): Max retries exceeded with url: /quote/TGT/balance-sheet?p=TGT (Caused by SSLError(SSLError(1, '[SSL: WRONG_VERSION_NUMBER] wrong version number (_ssl.c:1125)')))",2022-05-07 17:02:27.010149
568,TGT,,Function get_data(),Error,"HTTPSConnectionPool(host='finance.yahoo.com', port=443): Max retries exceeded with url: /quote/TGT/balance-sheet?p=TGT (Caused by SSLError(SSLError(1, '[SSL: WRONG_VERSION_NUMBER] wrong version number (_ssl.c:1125)')))",2022-05-07 17:02:47.113753
569,TGT,Target Corporation (TGT),Main,Completed,Added,2022-05-07 17:03:19.864126
570,TJX,"The TJX Companies, Inc. (TJX)",Main,Completed,Added,2022-05-07 17:03:36.522043
571,TMO,Thermo Fisher Scientific Inc. (TMO),Main,Completed,Added,2022-05-07 17:03:52.549026
572,TMUS,"T-Mobile US, Inc. (TMUS)",Main,Completed,Added,2022-05-07 17:04:09.072206
573,TPR,"Tapestry, Inc. (TPR)",Main,Completed,Added,2022-05-07 17:04:24.874474
574,TRMB,Trimble Inc. (TRMB),Function profitability(),Error,Fiscal Year 2019 not found in financial statements,2022-05-07 17:04:40.995194
575,TROW,"T. Rowe Price Group, Inc. (TROW)",Main,Completed,Added,2022-05-07 17:04:52.852470
576,TRV,"The Travelers Companies, Inc. (TRV)",Main,Completed,Added,2022-05-07 17:05:09.974584
577,TSCO,Tractor Supply Company (TSCO),Main,Completed,Added,2022-05-07 17:05:26.890280
578,TSLA,"Tesla, Inc. (TSLA)",Main,Completed,Added,2022-05-07 17:05:42.773618
579,TSN,"Tyson Foods, Inc. (TSN)",Main,Completed,Added,2022-05-07 17:05:59.557557
580,TT,Trane Technologies plc (TT),Main,Completed,Added,2022-05-07 17:06:16.325985
581,TTWO,"Take-Two Interactive Software, Inc. (TTWO)",Main,Completed,Added,2022-05-07 17:06:32.090858
582,TWTR,"Twitter, Inc. (TWTR)",Main,Completed,Added,2022-05-07 17:06:49.077465
583,TXN,Texas Instruments Incorporated (TXN),Main,Completed,Added,2022-05-07 17:07:06.536226
584,TXT,Textron Inc. (TXT),Function profitability(),Error,Fiscal Year 2019 not found in financial statements,2022-05-07 17:07:23.680628
585,TYL,"Tyler Technologies, Inc. (TYL)",Main,Completed,Added,2022-05-07 17:07:35.973907
586,UA,"Under Armour, Inc. (UA)",Main,Completed,Added,2022-05-07 17:07:52.685149
587,UAA,"Under Armour, Inc. (UAA)",Main,Completed,Added,2022-05-07 17:08:08.691062
588,UAL,"United Airlines Holdings, Inc. (UAL)",Main,Completed,Added,2022-05-07 17:08:25.707969
589,UDR,,Function get_data(),Error,'NoneType' object is not subscriptable,2022-05-07 17:08:37.697968
590,UHS,"Universal Health Services, Inc. (UHS)",Main,Completed,Added,2022-05-07 17:08:50.895830
591,ULTA,"Ulta Beauty, Inc. (ULTA)",Function leverage(),Warning,longTermDebt not found,2022-05-07 17:09:08.137382
592,ULTA,"Ulta Beauty, Inc. (ULTA)",Main,Completed,Added,2022-05-07 17:09:08.144238
593,UNH,UnitedHealth Group Incorporated (UNH),Main,Completed,Added,2022-05-07 17:09:25.662522
594,UNP,Union Pacific Corporation (UNP),Function leverage(),Warning,issuanceOfStock not found,2022-05-07 17:09:42.064036
595,UNP,Union Pacific Corporation (UNP),Main,Completed,Added,2022-05-07 17:09:42.070019
596,UPS,"United Parcel Service, Inc. (UPS)",Main,Completed,Added,2022-05-07 17:09:58.460197
597,URI,"United Rentals, Inc. (URI)",Main,Completed,Added,2022-05-07 17:10:15.729007
598,USB,U.S. Bancorp (USB),Main,Completed,Added,2022-05-07 17:10:32.349766
599,V,Visa Inc. (V),Main,Completed,Added,2022-05-07 17:10:48.406733
600,VFC,V.F. Corporation (VFC),Main,Completed,Added,2022-05-07 17:11:04.721315
601,VLO,Valero Energy Corporation (VLO),Function leverage(),Warning,issuanceOfStock not found,2022-05-07 17:11:21.296795
602,VLO,Valero Energy Corporation (VLO),Main,Completed,Added,2022-05-07 17:11:21.302782
603,VMC,Vulcan Materials Company (VMC),Function leverage(),Warning,issuanceOfStock not found,2022-05-07 17:11:38.057000
604,VMC,Vulcan Materials Company (VMC),Main,Completed,Added,2022-05-07 17:11:38.064021
605,VNO,Vornado Realty Trust (VNO),Main,Completed,Added,2022-05-07 17:11:54.695021
606,VRSK,"Verisk Analytics, Inc. (VRSK)",Main,Completed,Added,2022-05-07 17:12:11.481423
607,VRSN,"VeriSign, Inc. (VRSN)",Main,Completed,Added,2022-05-07 17:12:28.237225
608,VRTX,Vertex Pharmaceuticals Incorporated (VRTX),Function leverage(),Warning,longTermDebt not found,2022-05-07 17:12:44.885343
609,VRTX,Vertex Pharmaceuticals Incorporated (VRTX),Main,Completed,Added,2022-05-07 17:12:44.891369
610,VTR,"Ventas, Inc. (VTR)",Main,Completed,Added,2022-05-07 17:13:01.397099
611,VTRS,Viatris Inc. (VTRS),Main,Completed,Added,2022-05-07 17:13:18.088018
612,VZ,Verizon Communications Inc. (VZ),Function leverage(),Warning,issuanceOfStock not found,2022-05-07 17:13:34.858782
613,VZ,Verizon Communications Inc. (VZ),Main,Completed,Added,2022-05-07 17:13:34.864767
614,WAB,Westinghouse Air Brake Technologies Corporation (WAB),Function leverage(),Warning,issuanceOfStock not found,2022-05-07 17:13:51.816000
615,WAB,Westinghouse Air Brake Technologies Corporation (WAB),Main,Completed,Added,2022-05-07 17:13:51.820988
616,WAT,Waters Corporation (WAT),Main,Completed,Added,2022-05-07 17:14:08.518560
617,WBA,"Walgreens Boots Alliance, Inc. (WBA)",Main,Completed,Added,2022-05-07 17:14:24.970576
618,WBD,"Warner Bros. Discovery, Inc. (WBD)",Function profitability(),Error,Fiscal Year 2019 not found in financial statements,2022-05-07 17:14:41.479118
619,WDC,Western Digital Corporation (WDC),Main,Completed,Added,2022-05-07 17:14:53.522313
620,WEC,"WEC Energy Group, Inc. (WEC)",Main,Completed,Added,2022-05-07 17:15:10.841906
621,WELL,Welltower Inc. (WELL),Main,Completed,Added,2022-05-07 17:15:27.890420
622,WFC,Wells Fargo & Company (WFC),Main,Completed,Added,2022-05-07 17:15:44.672456
623,WHR,Whirlpool Corporation (WHR),Main,Completed,Added,2022-05-07 17:16:02.183801
624,WM,"Waste Management, Inc. (WM)",Main,Completed,Added,2022-05-07 17:16:19.309875
625,WMB,"The Williams Companies, Inc. (WMB)",Main,Completed,Added,2022-05-07 17:16:35.729840
626,WMT,Walmart Inc. (WMT),Function profitability(),Error,index 4 is out of bounds for axis 0 with size 4,2022-05-07 17:16:52.379480
627,WRB,W. R. Berkley Corporation (WRB),Function leverage(),Warning,issuanceOfStock not found,2022-05-07 17:17:06.010611
628,WRB,W. R. Berkley Corporation (WRB),Main,Completed,Added,2022-05-07 17:17:06.017795
629,WRK,WestRock Company (WRK),Main,Completed,Added,2022-05-07 17:17:23.154617
630,WST,"West Pharmaceutical Services, Inc. (WST)",Main,Completed,Added,2022-05-07 17:17:40.192175
631,WTW,Willis Towers Watson Public Limited Company (WTW),Main,Completed,Added,2022-05-07 17:17:57.130204
632,WY,Weyerhaeuser Company (WY),Main,Completed,Added,2022-05-07 17:18:13.967665
633,WYNN,"Wynn Resorts, Limited (WYNN)",Main,Completed,Added,2022-05-07 17:18:29.987894
634,XEL,Xcel Energy Inc. (XEL),Main,Completed,Added,2022-05-07 17:18:46.762165
635,XOM,Exxon Mobil Corporation (XOM),Function leverage(),Warning,issuanceOfStock not found,2022-05-07 17:19:02.729909
636,XOM,Exxon Mobil Corporation (XOM),Main,Completed,Added,2022-05-07 17:19:02.735895
637,XRAY,DENTSPLY SIRONA Inc. (XRAY),Main,Completed,Added,2022-05-07 17:19:19.120373
638,XYL,Xylem Inc. (XYL),Main,Completed,Added,2022-05-07 17:19:35.514286
639,YUM,"Yum! Brands, Inc. (YUM)",Function leverage(),Warning,issuanceOfStock not found,2022-05-07 17:19:51.632183
640,YUM,"Yum! Brands, Inc. (YUM)",Main,Completed,Added,2022-05-07 17:19:51.638168
641,ZBH,"Zimmer Biomet Holdings, Inc. (ZBH)",Main,Completed,Added,2022-05-07 17:20:08.419738
642,ZBRA,Zebra Technologies Corporation (ZBRA),Main,Completed,Added,2022-05-07 17:20:25.049785
643,ZION,"Zions Bancorporation, National Association (ZION)",Main,Completed,Added,2022-05-07 17:20:41.412857
644,,,Main,Completed,SP500 stocks info uploaded,2022-05-07 17:20:46.780394
645,,,Main,Completed,SP500 index share prices uploaded,2022-05-07 17:20:48.219147
646,,,Main,Completed,SP500 stocks share prices uploaded,2022-05-07 17:20:50.397262
